ID;Ship;Country;Type;Tahun Produksi;Fate
0;Aaron Ward�(DD-132);USA Navy�Royal Navy;Wickes-class destroyer;21-Apr-19;To UK as HMS�Castleton 9 September 1940
1;Aaron Ward�(DD-483);USA Navy;Gleaves-class destroyer;04-Mar-42;Sunk 7 April 1943[1]
2;Aaron Ward�(DM-34);USA Navy;Robert H. Smith-class destroyer-minelayer;28-Oct-44;constructive loss 30 April 1945, scrapped 1946
3;Abbot�(DD-184);USA Navy�Royal Navy;Wickes-class destroyer;19-Jul-19;To UK as HMS�Charlestown 23 September 1940[2]
4;Abbot�(DD-629);USA Navy;Fletcher-class destroyer;23-Apr-43;Decommissioned 1965, scrapped 1975[3]
5;Abdiel;Royal Navy;Abdiel-class minelayer;15-Apr-41;Sunk 10 September 1943[4]
6;Abel P. Upshur;USA Navy�Royal Navy;Clemson-class destroyer;19-Jul-19;To UK as HMS�Clare 9 September 1940
7;Abercrombie;Royal Navy;Roberts-class monitor;05-May-43;Scrapped 1954[5]
8;Abercrombie;USA Navy;John C. Butler-class destroyer escort;01-May-44;Decommissioned 1946, sunk as target 1968
9;Abner Read;USA Navy;Fletcher-class destroyer;05-Feb-43;Sunk 1 November 1944
10;Abukuma;Japan;Nagara-class light cruiser;26-May-25;Sunk 26 October 1944[6]
11;Acasta;Royal Navy;A-class destroyer;11-Feb-30;Sunk 8 June 1940[7]
12;Achates;Royal Navy;A-class destroyer;27-Mar-30;Sunk 31 December 1942
13;Acavus;Royal Navy;MAC ship;Oct-43;Returned to merchant service post-war, renamed Iacara
14;Acheron;Royal Navy;A-class destroyer;13-Oct-31;Sunk 17 December 1940
15;Achilles;Royal Navy/�Royal New Zealand Navy;Leander-class light cruiser;06-Oct-33;sold to India 1948
16;Acree;USA Navy;Cannon-class destroyer escort;19-Jul-43;Decommissioned 1946, scrapped 1973
17;Active;Royal Navy;A-class destroyer;09-Feb-30;Scrapped 1947
18;Activity;Royal Navy;Escort carrier;15-Oct-42;Returned to merchant service April 1946, renamed Breconshire
19;Adams;USA Navy;Robert H. Smith-class destroyer-minelayer;10-Oct-44;Decommissioned 1947, scrapped 1971
20;Adelaide;Royal Australian Navy;Birmingham-class light cruiser;05-Aug-22;Scrapped 1949
21;Admiral Graf Spee;German;Deutschland-class cruiser;06-Jan-36;scuttled 17 December 1939
22;Admiral Hipper;German;Admiral Hipper-class cruiser;25-Apr-39;Scuttled 2 May 1945
23;Admiral Scheer;German;Deutschland-class cruiser;12-Nov-34;Sunk 9 April 1945
24;Admiralty Islands;USA Navy;Casablanca-class escort carrier;13-Jun-44;Scrapped 1947
25;Adrias;Greece;Hunt-class (Type III) escort destroyer;05-Aug-42;Mined 22 October 1943, declared a constructive total loss, scrapped 1945
26;Adula;Royal Navy;MAC ship;Feb-44;Returned to merchant service post-war
27;Aetos;Greece;Wild Beast-class destroyer;19-Oct-12;Decommissioned 1946
28;Afridi;Royal Navy;Tribal-class destroyer;03-May-38;Sunk 3 May 1940
29;Agano;Japan;Agano-class light cruiser;31-Oct-42;Sunk 15 February 1944
30;Ahrens;USA Navy;Buckley-class destroyer escort;12-Feb-44;Decommissioned 1946, scrapped 1967
31;Ajax;Royal Navy;Leander-class light cruiser;03-Jun-35;Scrapped 1949
32;Akagi;Japan;Amagi-class battlecruiser converted to aircraft carrier;27-Mar-27;Sunk 5 June 1942
33;Akizuki;Japan;Akizuki-class destroyer;11-Jun-42;Sunk 25 October 1944
34;Alabama;USA Navy;South Dakota-class battleship;16-Aug-42;Decommissioned 9 January 1947, currently Museum ship since 1964
35;Alaska;USA Navy;Alaska-class large cruiser;17-Jun-44;Scrapped 1960
36;Albatross;Royal Australian Navy;seaplane carrier and repair ship;29-Sep-38;Torpedoed 1944, not repaired, scrapped 1954
37;Albatros;German;1923 Raubvogel-class torpedo boat;05-May-27;Beached 10 April 1940
38;Alberico da Barbiano;Italy;Giussano-class light cruiser;1931;Sunk 13 December 1941
39;Alberto di Giussano;Italy;Giussano-class light cruiser;01-Jan-31;Sunk 13 December 1941
40;Albert T. Harris;USA Navy;John C. Butler-class destroyer escort;29-Nov-44;Sunk as target 1969
41;Albert W. Grant;USA Navy;Fletcher-class destroyer;24-Nov-43;Decommissioned 1971, scrapped 1972
42;Alcantara;Royal Navy;Armed merchant cruiser;1927;Scrapped 1958
43;Aldea;Chile;Serrano-class destroyer;1929;Discarded 1957
44;Alden;USA Navy;Clemson-class destroyer;24-Nov-19;Scrapped 30 November 1945
45;Alexander J. Luke;USA Navy;Buckley-class destroyer escort;19-Feb-44;Decommissioned 1947, sunk as target 1970
46;Alfred A. Cunningham;USA Navy;Allen M. Sumner-class destroyer;23-Nov-44;Decommissioned 1971, sunk as target 1979
47;Alger;USA Navy�Brazil;Cannon-class destroyer escort;12-Nov-43;To Brazil 10 March 1945 as Babitonga, scrapped 1964
48;Alg�rie;France;Heavy cruiser;15-Sep-34;scuttled 27 November 1942
49;Alg�rien;USA Navy�Free France;Cannon-class destroyer escort;23-Jan-44;Scrapped Nov 1965
50;Allen M. Sumner;USA Navy;Allen M. Sumner-class destroyer;26-Jan-44;Scrapped 1974
51;Almirante Brown;Argentina;Veinticinco de Mayo-class cruiser;11-Jul-31;Scrapped 1962
52;Almirante Condell;Chile;Almirante Lynch-class destroyer;Jan-14;Decommissioned 1945
53;Almirante Latorre;Chile;Almirante Latorre-class battleship;1913;Scrapped 1959
54;Almirante Lynch;Chile;Almirante Lynch-class destroyer;1913;Decommissioned 1945
55;Almirante Simpson;Chile;Capitan O'Brien-class submarine;1929;Discarded 1957
56;Altamaha;USA Navy;Bogue-class escort carrier;15-Sep-42;Scrapped 1946
57;Alvin C. Cockrell;USA Navy;John C. Butler-class destroyer escort;07-Oct-44;Sunk as target 1969
58;Amagi;Japan;Unry?-class aircraft carrier;10-Aug-44;Sunk 27 July 1945
59;Amastra;Royal Navy;MAC ship;Sep-43;"Returned to merchant service post-war; renamed Idas"
60;Amazon;Royal Navy;Destroyer class prototype;05-May-27;Scrapped 25 October 1948
61;Ambuscade;Royal Navy;Destroyer class prototype;15-Mar-27;Scrapped 1946
62;Ameer;USA Navy�Royal Navy;Ruler-class escort aircraft carrier;20-Jul-43;Returned to USN 17 January 1946, sold into merchant service 17 September 1946 as Robin Kirk
63;Amesbury;USA Navy;Buckley-class destroyer escort;31-Aug-43;sold for scrap, sank under tow 1962
64;Amethyst;Royal Navy;Modified Black Swan-class sloop;02-Nov-43;Scrapped 19 January 1957
65;Amick;USA Navy;Cannon-class destroyer escort;26-Jul-43;To Japan 1955, to Philippines 1976, scrapped 1989
66;Ammen;USA Navy;Fletcher-class destroyer;12-Mar-43;Scrapped 1960
67;Amsterdam;USA Navy;Cleveland-class light cruiser;08-Jan-45;Scrapped 1971
68;Ancylus;Royal Navy;Rapana-class MAC ship;Oct-43;"returned to merchant service post-war; renamed Imbricaria"
69;Anderson;USA Navy;Sims-class destroyer;19-May-39;Sunk in A-bomb test 1946
70;Andrea Doria;Italy;Andrea Doria-class battleship;13-Mar-16;Scrapped 1956
71;Andres;USA Navy;Evarts-class destroyer escort;15-Mar-43;Scrapped 1946
72;Annapolis;USA Navy�Canada;Town-class destroyer;24-Sep-40;Scrapped 1945
73;Anson;Royal Navy;King George V-class battleship;22-Jun-42;Scrapped 1957
74;Antelope;Royal Navy;A-class destroyer;20-Mar-30;Scrapped 1946
75;Anthony�(H40);Royal Navy;A-class destroyer;14-Feb-30;Scrapped 1948
76;Anthony�(DD-515);USA Navy;Fletcher-class destroyer;26-Feb-43;To West Germany 1958, sunk as target 1979
77;Antietam;USA Navy;Ticonderoga-class aircraft carrier;28-Jan-45;Decommissioned 8 May 1963, scrapped 1974
78;Antiquois;Colombia;Guadiana-class destroyer;;former Douro (Portugal)
79;Anton Schmitt;German;Type 1936 destroyer;24-Sep-39;Sunk 10 April 1940
80;Anzio;USA Navy;Casablanca-class escort carrier;27-Aug-43;Decommissioned 1946, scrapped 1959
81;Aoba;Japan;Aoba-class heavy cruiser;20-Sep-27;Sunk 28 July 1945
82;Apollo;Royal Navy;Abdiel-class minelayer;09-Oct-43;Scrapped 1962
83;Aquila;Italy;aircraft carrier;;Scrapped 1952
84;Arbiter;USA Navy�Royal Navy;Ruler-class escort carrier;31-Dec-43;Returned to USN 3 March 1946, stricken 12 April 1946, sold and renamed Coracero
85;Archer;Royal Navy;Avenger-class escort carrier;17-Nov-41;Decommissioned 6 November 1943, became Empire Lagan aircraft ferry 15 March 1945, returned to USN 9 January 1946
86;Arcona;German;Floating anti-aircraft battery (former light cruiser);18-May-01;Scrapped 1948/1949
87;Ardent;Royal Navy;A-class destroyer;14-Apr-30;Sunk 8 June 1940[7]
88;Arendal;Norway;Hunt-class (Type II) escort destroyer;16-Nov-44;Scrapped 1965
89;Argus;Royal Navy;fleet aircraft carrier;Sep-18;Scrapped 1946
90;Ariadne;Royal Navy;Abdiel-class minelayer;12-Feb-44;Scrapped 1965
91;Arizona;USA Navy;Pennsylvania-class battleship;17-Oct-16;Sunk 7 December 1941, war memorial
92;Ark Royal;Royal Navy;aircraft carrier;16-Dec-38;Sunk 14 November 1941
93;Arkansas;USA Navy;Wyoming-class battleship;17-Sep-12;Sunk 25 July 1946 in A-bomb test
94;Arkhangelsk;Royal Navy�USSR;Revenge-class battleship;30-May-44;returned to Royal Navy 9 February 1949, scrapped Sep 1949
95;Armando Diaz;Italy;Luigi Cadorna-class light cruiser;29-Apr-33;Sunk 25 February 1941
96;Arrow;Royal Navy;A-class destroyer;14-Apr-30;Irreparably damaged, 1944
97;Arteveld;Belgium;patrol boat;;Commissioned as Lorelei (Germany)
98;Arunta;Royal Australian Navy;Tribal-class destroyer;30-Mar-42;Scrapped 1968
99;Ashanti;Royal Navy;Tribal-class destroyer;21-Dec-38;Scrapped 1949
100;Ashigara;Japan;Myoko-class heavy cruiser;1928;Sunk 8 June 1945
101;Astoria�(CA-34);USA Navy;New Orleans-class heavy cruiser;28-Apr-34;Sunk 9 August 1942 Battle of Savo Island
102;Astoria�(CL-90);USA Navy;Cleveland-class light cruiser;17-May-44;Scrapped 1971
103;Atago;Japan;Takao-class heavy cruiser;30-Mar-32;Sunk 23 October 1944
104;Athabaskan;Royal Canadian Navy;Tribal-class destroyer;03-Feb-43;Sunk 29 April 1944
105;Atheling;USA Navy�Royal Navy;Ruler-class escort carrier;01-Aug-43;returned to US 13 December 1946
106;Atherton;USA Navy;Cannon-class destroyer escort;29-Aug-43;To Japan 1955, to Philippines 1976, active as of 2012
107;Atlanta�(CL-51);USA Navy;Atlanta-class light cruiser;24-Dec-41;Sunk 13 November 1942 Guadalcanal
108;Atlanta�(CL-104);USA Navy;Cleveland-class light cruiser;03-Dec-44;Sunk as target 1970
109;Atlantis;German;auxiliary cruiser;19-Dec-39;Sunk 21 November 1941
110;Attacker;USA Navy�Royal Navy;Attacker-class escort carrier;30-Sep-42;Decommissioned 5 January 1946
111;Attilio Regolo;Italy;Capitani Romani-class light cruiser (also known as exploratori oceanici);Aug-42;ceded to France 1948
112;Attu;USA Navy;Casablanca-class escort carrier;30-Jun-44;Scrapped 1947
113;Audacity;Royal Navy;escort aircraft carrier;20-Jun-41;Sunk 21 December 1941
114;Augusta;USA Navy;Northampton-class heavy cruiser;30-Jan-31;Scrapped 1960
115;Aulick�(DD-258);USA Navy�Royal Navy;Clemson-class destroyer;26-Jul-19;To UK as HMS�Burnham 8 October 1940
116;Aulick�(DD-569);USA Navy;Fletcher-class destroyer;27-Oct-42;To Greece 1959, scrapped 1997
117;Ault;USA Navy;Allen M. Sumner-class destroyer;31-May-44;Scrapped 1974
118;Aurora;USSR;Protected cruiser;29-Jul-03;In 1957 became a museum ship.
119;Austin;USA Navy;Evarts-class destroyer escort;13-Feb-43;Scrapped 1947
120;Australia;Royal Australian Navy;County-class heavy cruiser;24-Apr-28;Scrapped 1955
121;Avenger;Royal Navy;Avenger-class escort carrier;02-Mar-42;Sunk 15 November 1942
122;Aventure;Royal Navy�Free France;River-class frigate;21-Jan-44;Decommissioned 1964
123;Ayanami;Japan;Fubuki-class destroyer;30-Apr-30;Sunk 15 November 1942
124;Aylwin;USA Navy;Farragut-class destroyer;01-Mar-35;Scrapped 1947
125;Babbitt;USA;Wickes-class destroyer;24-Oct-19;scrapped 1946
126;Babitonga;USA�Brazil;Cannon-class destroyer escort;10-Mar-45;Decommissioned 1964
127;Bache;USA;Fletcher-class destroyer;14-Nov-42;scrapped 1968
128;Badger;USA;Wickes-class destroyer;29-May-19;scrapped 1945
129;Baependi;USA�Brazil;Cannon-class destroyer escort;19-Dec-44;Decommissioned 1973
130;Bagley;USA;Bagley-class destroyer;12-Jun-37;scrapped 1947
131;Bahia;Brazil;Bahia-class light cruiser;1910;lost 4 July 1945
132;Bailey�(DD-269);USA�UK;Clemson-class destroyer;27-Jun-19;to UK as HMS�Reading 26 November 1940
133;Bailey�(DD-492);USA;Benson-class destroyer;11-May-42;decommissioned 1946, sunk as target 1969
134;Bainbridge;USA;Clemson-class destroyer;09-Feb-21;scrapped 1945
135;Bairoko;USA;Commencement Bay-class escort carrier;16-Jul-45;decommissioned 1955, scrapped 1960
136;Baker;USA;Cannon-class destroyer escort;23-Dec-43;to France 1952, sunk as target 1970
137;Balch;USA;Porter-class destroyer leader;20-Oct-36;scrapped 1946
138;Baldwin;USA;Gleaves-class destroyer;30-Apr-43;decommissioned 1946, scuttled 1961
139;Baltimore;USA;Baltimore-class heavy cruiser;15-Apr-43;decommissioned 2 July 1954, scrapped 1972
140;Bancroft�(DD-256);USA�Canada;Clemson-class destroyer;30-Jun-19;to Canada as HMCS�St. Francis 24 September 1940
141;Bancroft�(DD-598);USA;Benson-class destroyer;30-Apr-42;decommissioned 1946, scrapped 1973
142;Bangust;USA;Cannon-class destroyer escort;30-Oct-43;to Peru 1952, scrapped 1979
143;Barb;USA;Gato-class submarine;02-Apr-42;sold to Italy as Enrico Tazzoli 1954, scrapped 1973
144;Barber;USA;Buckley-class destroyer escort;10-Oct-43;to Mexico 1969, struck 2001
145;Barham;UK;Queen Elizabeth-class battleship;19-Aug-15;sunk 25 November 1941
146;Bari;Italy;light cruiser;1925;sunk 28 June 1943
147;Barker;USA;Clemson-class destroyer;17-Dec-19;scrapped 1945
148;Barnes;USA;Bogue-class escort carrier;20-Feb-43;Decommissioned 29 August 1946, scrapped 1959
149;Barney;USA;Wickes-class destroyer;14-Mar-19;scrapped 1946
150;Baron;USA;Cannon-class destroyer escort;05-Jul-43;to Uruguay 1952, scrapped 1990
151;Barr;USA;Buckley-class destroyer escort;16-Feb-44;sunk as target 1963
152;Barry;USA;Clemson-class destroyer;15-Nov-21;sunk 21 June 1945
153;Bartolomeo Colleoni;Italy;Giussano-class light cruiser;10-Feb-32;Sunk 19 July 1940
154;Barton�(DD-599);USA;Benson-class destroyer;29-May-42;sunk 13 November 1942
155;Barton�(DD-722);USA;Allen M. Sumner-class destroyer;30-Dec-43;sunk as target 1969
156;Basilisk;UK;B-class destroyer;04-Mar-31;sunk 1 June 1940
157;HMAS�Bataan;Australia;Tribal-class destroyer;25-May-45;scrapped 1958
158;USS�Bataan;USA;Independence-class aircraft carrier;17-Nov-43;decommissioned 9 April 1954, scrapped 1960
159;Bates;USA;Buckley-class destroyer escort;13-Sep-43;sunk by kamikazes 25 May 1945
160;Bath;USA�UK�Norway;Town-class destroyer;23-Sep-40;Sunk on 19 August 1941
161;Battler;USA�UK;Attacker-class escort carrier;31-Oct-42;Returned to USN 12 February 1946, scrapped May 1946
162;Bauru;USA�Brazil;Cannon-class destroyer escort;15-Aug-44;Decommissioned 17 September 1981, museum ship
163;Beagle;UK;B-class destroyer;09-Apr-31;scrapped Jan 1946
164;Beale;USA;Fletcher-class destroyer;23-Dec-42;sunk as target 1969
165;B�arn;France�Free France;aircraft carrier;May-27;stricken Nov 1966, scrapped Mar 1967
166;Bearss;USA;Fletcher-class destroyer;12-Apr-44;decommissioned 1963, scrapped 1976
167;Beatty�(DD-640);USA;Gleaves-class destroyer;07-May-42;sunk 6 November 1943
168;Beatty�(DD-756);USA;Allen M. Sumner-class destroyer;31-Mar-45;to Venezuela 1972, scrapped 1981
169;Bebas;USA;Evarts-class destroyer escort;15-May-43;scrapped 1945
171;Bedouin;UK;Tribal-class destroyer;15-Mar-39;Sunk 15 June 1942
173;Belfast;UK;Town-class cruiser;05-Aug-39;Museum ship since 21 October 1971 moored in London next to Tower Bridge
174;Bell;USA;Fletcher-class destroyer;04-Mar-43;decommissioned 1946, sunk as target 1975
175;Belleau Wood;USA;Independence-class aircraft carrier;31-Mar-43;"decommissioned 13 January 1947, transferred to France as Bois Belleau; scrapped 1961"
178;Bengal;India;Bathurst-class minesweeper;08-Aug-42;Decommissioned 1960
179;Benham�(DD-397);USA;Benham-class destroyer;02-Feb-39;sunk 15 November 1942
180;Benham�(DD-796);USA;Fletcher-class destroyer;20-Dec-43;to Peru 1960, scrapped 1980
181;Benner;USA;Gearing-class destroyer;13-Feb-45;scrapped 1975
182;Bennett;USA;Fletcher-class destroyer;09-Feb-43;to Brazil 1959, scrapped 1978
183;Bennington;USA;Essex-class aircraft carrier;06-Aug-44;decommissioned 15 January 1970, scrapped 1994
184;Bennion;USA;Fletcher-class destroyer;14-Dec-43;decommissioned 1946, scrapped 1973
185;Benson;USA;Benson-class destroyer;25-Jul-40;transferred to Taiwan 1954, scrapped 1974
186;Bermuda;UK;Fiji-class cruiser;21-Aug-42;scrapped 1965
187;Bernadou;USA;Wickes-class destroyer;19-May-19;scrapped 1945
188;Z11 Bernd von Arnim;German;Type 1934A destroyer;06-Dec-38;scuttled 13 April 1940
191;Biddle;USA;Wickes-class destroyer;22-Apr-19;scrapped 1946
192;Bideford;UK;Shoreham-class sloop;23-Feb-32;Sold 14 September 1947
193;Biloxi;USA;Cleveland-class light cruiser;31-Aug-43;Scrapped 1962
194;HMS�Birmingham;UK;Southampton-class light cruiser;18-Nov-37;scrapped 1960
195;USS�Birmingham;USA;Cleveland-class light cruiser;29-Jan-43;Scrapped 1959
196;Bismarck;German;Bismarck-class battleship;24-Aug-40;sunk 27 May 1941
197;Bismarck Sea;USA;Casablanca-class escort carrier;20-May-44;sunk 21 February 1945
199;Bivin;USA;John C. Butler-class destroyer escort;31-Oct-44;decommissioned 1947, sunk as target 1969
200;Black;USA;Fletcher-class destroyer;21-May-43;scrapped 1971
201;Black Prince;UK;Dido-class light cruiser;30-Nov-43;Decommissioned March 1962
202;Blair;USA;Edsall-class destroyer escort;13-Sep-43;decommissioned 1960, scrapped 1972
203;Blakeley;USA;Wickes-class destroyer;08-May-19;scrapped 1945
204;Blanche;UK;B-class destroyer;14-Feb-31;sunk 13 November 1939
206;Blessman;USA;Buckley-class destroyer escort;19-Sep-43;to Taiwan 1967, scrapped 1995
207;Block Island�(CVE-21);USA;Bogue-class escort carrier;08-Mar-43;Sunk 29 May 1944
208;Block Island�(CVE-106);USA;Commencement Bay-class escort carrier;30-Dec-44;decommissioned 1954, scrapped 1960
209;Bl�cher;German;Admiral Hipper-class heavy cruiser;20-Sep-39;sunk 9 April 1940
210;Blue�(DD-387);USA;Bagley-class destroyer;14-Aug-37;sunk 22 August 1942
211;Blue�(DD-744);USA;Allen M. Sumner-class destroyer;20-Mar-44;sunk as target 1974
212;B?yskawica;Poland;Grom-class destroyer;25-Nov-37;decommissioned 1 May 1976, preserved as museum ship
213;Boadicea;UK;B-class destroyer;07-Apr-31;sunk 13 June 1944
215;Boggs;USA;Wickes class destroyer-minesweeper;23-Sep-18;scrapped 1946
216;Bogue;USA;Bogue-class escort carrier;26-Sep-42;Decommissioned 30 November 1946, scrapped 1960
217;Boise;USA;Brooklyn-class light cruiser;12-Aug-38;Decommissioned 11 January 1951, sold to Argentina. Scrapped 1978
218;Bolzano;Italy;Trento class heavy cruiser;1933;sunk 1944
219;Bombay;India;Bathurst class minesweeper;24-Apr-42;Decommissioned 1960
220;Bon Homme Richard;USA;Essex-class aircraft carrier;26-Nov-44;decommissioned 2 July 1971, scrapped 1992
221;Booth;USA;Cannon class destroyer escort;19-Sep-43;to Philippines 1967, lost in typhoon 1981
222;Bordelon;USA;Gearing class destroyer;05-Jun-45;to Iran 1977
223;Boreas;UK;B-class destroyer;20-Feb-31;became Salamis (Greece), 1944, returned and scrapped 1951
224;Borie (I);USA;Clemson class destroyer;24-Mar-20;sank 2 November 1943 after ramming and sinking U-405
225;Borie (II);USA;Sumner class destroyer;21-Sep-44;to Argentina 1972, scrapped 1984
226;Borum;USA;Buckley class destroyer escort;30-Nov-43;decommissioned 1946, scrapped 1966
227;Boston;USA;Baltimore-class heavy cruiser;30-Jun-43;decommissioned 1970, scrapped 1975
228;Bostwick;USA;Cannon class destroyer escort;01-Dec-43;to Republic of China 1948, scrapped 1972
229;Bougainville;USA;Casablanca-class escort carrier;18-Jun-44;decommissioned 1946, scrapped 1960
230;Bowers;USA;Buckley class destroyer escort;27-Jan-44;to Philippines 1961
231;Boxer;USA;Ticonderoga-class aircraft carrier;16-Apr-45;decommissioned 1 December 1969, scrapped 1971
232;Boyd;USA;Fletcher-class destroyer;08-May-43;to Turkey 1969, scrapped 1981
233;Boyle;USA;Benson-class destroyer;15-Aug-42;decommissioned 1946, sunk as target 1973
234;Brackett;USA;Evarts class destroyer escort;18-Oct-43;scrapped 1947
235;Bracui;USA�Brazil;Cannon-class destroyer escort;15-Aug-44;Decommissioned 11 July 1972
236;HMS Bradford;USA�UK;Town class destroyer;08-Oct-40;scrapped 1946
237;Bradford;USA;Fletcher-class destroyer;12-Jun-43;to Greece 1962, scrapped 1981
238;Braine;USA;Fletcher-class destroyer;11-May-43;to Argentina 1971, sunk as target 1983
239;Branch;USA�UK;Clemson class destroyer;26-Jul-20;to UK 8 October 1940 as HMS Beverly
240;Brandenburg;German;minelayer;01-May-43;sunk 21 September 1943
241;Brazen;UK;B-class destroyer;08-Apr-31;sunk 20 July 1940
242;Breckinridge;USA;Wickes class destroyer;27-Feb-19;scrapped 1946
243;Breeman;USA;Cannon class destroyer escort;12-Dec-43;to Republic of China 1948, scrapped 1972
244;Breese;USA;Wickes-class destroyer-minelayer;23-Oct-18;scrapped May 1946
245;Bremerton;USA;Baltimore-class heavy cruiser;29-Apr-45;decommissioned 1960, scrapped 1974
246;Brennan;USA;Evarts class destroyer escort;20-Jan-43;scrapped 1946
247;Bretagne;France;Bretagne-class battleship;Sep-15;sunk 3 July 1940
248;Breton;USA;Bogue-class escort carrier;12-Apr-43;decommissioned 1946, scrapped 1972
249;Bright;USA;Cannon class destroyer escort;30-Jun-44;to France 1950, scrapped 1965
250;Brighton;USA�UK�USSR;Town class destroyer;23-Sep-40;to USSR as Zharki 16 July 1944
251;Brilliant;UK;B-class destroyer;21-Feb-31;scrapped Aug 1947
252;Brister;USA;Edsall class destroyer escort;30-Nov-43;scrapped 1968
253;Bristol (I);USA;Gleaves class destroyer;22-Oct-41;sunk 13 October 1943
254;Bristol (II);USA;Sumner class destroyer;17-Mar-45;to Taiwan 1969, scrapped 1993
255;Broadwater;USA�UK;Town class destroyer;09-Oct-40;sunk 18 October 1941
256;Broadway;USA�UK;Town class destroyer;08-Oct-40;scrapped 1947
257;Bronstein;USA;Cannon class destroyer escort;13-Dec-43;to Uruguay 1952, scrapped 1988
258;Brooklyn;USA;Brooklyn-class light cruiser;30-Sep-37;Decommissioned 3 January 1947, sold to Chile. Sank in Pacific 1992
259;Brooks;USA;Clemson class destroyer;18-Jun-20;constructive loss 6 January 1945, scrapped
260;Broome;USA;Clemson class destroyer;31-Oct-19;scrapped 1946
261;Brough;USA;Edsall class destroyer escort;18-Sep-43;scrapped 1967
262;Brown;USA;Fletcher-class destroyer;10-Jul-43;to Greece 1962, scrapped 1981
263;Brownson;USA;Fletcher class destroyer;03-Feb-43;sunk 26 December 1943
265;Brush;USA;Sumner class destroyer;17-Apr-44;to Taiwan 1969
266;Bryant;USA;Fletcher-class destroyer;04-Dec-43;decommissioned 1947, sunk as a target 1969
267;Buchanan�(DD-131);USA�UK;Wickes-class destroyer;20-Jan-19;to UK as HMS�Campbeltown 9 September 1940, expended as bomb-ship at St Nazaire 29 March 1942
268;Buchanan (II);USA;Gleaves class destroyer;21-Mar-42;to Turkey 1949, scrapped 1976
269;Buck;USA;Sims-class destroyer;15-May-40;sunk 9 October 1943
270;Buckley;USA;Buckley class destroyer escort;30-Apr-43;scrapped 1969
271;Buenos Aires;Argentina;Buenos Aires class destroyer;1938;1971
272;Bull;USA;Buckley class destroyer escort;12-Aug-43;to Taiwan 1966, scrapped 1995
273;Bullard;USA;Fletcher-class destroyer;09-Apr-43;decommissioned 1946, scrapped 1973
274;Bulldog;UK;B-class destroyer;08-Apr-31;scrapped Jan 1946
275;Bulmer;USA;Clemson class destroyer;16-Aug-20;scrapped 1947
276;Bunch;USA;Buckley class destroyer escort;21-Aug-43;decommissioned 1946, scrapped 1965
277;Bunker Hill;USA;Essex-class aircraft carrier;24-May-43;decommissioned 9 January 1947, scrapped 1973
278;Burden R. Hastings;USA;Evarts class destroyer escort;01-May-43;scrapped 1946
279;Burke;USA;Buckley class destroyer escort;20-Jul-43;to Colombia 1968, scrapped 1974
280;Burnham;USA�UK;Town class destroyer;08-Oct-40;scrapped 1948
281;Burns;USA;Fletcher-class destroyer;03-Apr-43;decommissioned 1946, sunk as target 1974
282;Burrows;USA;Cannon class destroyer escort;19-Dec-43;to Netherlands 1950, scrapped 1968
283;Burwell;USA�UK;Town class destroyer;08-Oct-40;scrapped 1947
284;Burza;Poland;Wicher class destroyer;10-Jul-32;Scrapped 1977
285;Bush;USA;Fletcher-class destroyer;10-May-43;sunk 6 April 1945
286;Butler;USA;Gleaves class destroyer;15-Aug-42;scrapped 1948
287;Buxton;USA�UK�Canada;Town-class destroyer;Aug-42;scrapped 1945
288;Cabana;USA;Evarts class destroyer escort;09-Jul-43;scrapped 1947
289;Cabot;USA;Independence class light carrier;24-Jul-43;decommissioned 21 January 1955, sold to Spain as Dedalo 1967, scrapped 2002
290;Caio Duilio;Italy;Andrea Doria-class battleship;1915;1956
291;Cairo;UK;C class light cruiser;24-Sep-19;lost 12 August 1942
292;Calcaterra;USA;Edsall class destroyer escort;17-Nov-43;scrapped 1974
293;Calcutta;UK;C class light cruiser;21-Aug-19;lost 1 June 1941
294;Caldas;Colombia;destroyer;;
295;HMS/HMCS Caldwell;USA�UK�Canada;Town class destroyer;24-Sep-40;scrapped 1944
296;USS Caldwell;USA;Benson class destroyer;10-Jun-42;decommissioned 1946, scrapped 1966
297;Caledon;UK;C-class cruiser;06-Mar-17;scrapped 1948
298;California;USA;Tennessee-class battleship;10-Aug-21;Decommissioned 14 February 1947, scrapped 1959
299;Callaghan;USA;Fletcher-class destroyer;27-Nov-43;sunk 28 July 1945
300;Calypso;UK;C class light cruiser;06-Mar-17;scrapped Jan 1948
301;Cameron;USA�UK;Town class destroyer;24-Sep-40;constructive loss 5 December 1940
302;Camp;USA;Edsall class destroyer escort;16-Sep-43;to South Vietnam 1971, to Philippines 1976
303;Campania;UK;escort aircraft carrier;07-Mar-44;Decommissioned 30 December 1945, scrapped 1955
304;Campbeltown;USA�UK�Netherlands;Town class destroyer;1941;expended as bomb-ship at St Nazaire, 29 March 1942
305;HMAS Canberra;Australia;County class heavy cruiser;10-Jul-28;scuttled 9 August 1942
306;USS Canberra;USA;Baltimore class heavy cruiser;14-Oct-43;decommissioned 1970, scrapped 1980
307;Canfield;USA;Evarts class destroyer escort;22-Jul-43;scrapped 1947
308;Cannon;USA�Brazil;Cannon class destroyer escort;26-Sep-43;to Brazil 19 December 1944 as Baependi
309;Cape Esperance;USA;Casablanca-class escort carrier;09-Apr-44;scrapped 1959
310;Cape Gloucester;USA;Commencement Bay-class escort carrier;05-Mar-45;decommissioned 1946, scrapped 1971
311;Caperton;USA;Fletcher-class destroyer;30-Jun-43;decommissioned 1960, sunk as target
312;Capetown;UK;C class light cruiser;10-Apr-22;Scrapped June 1946
313;Capitan O'Brien;Chile;Capitan O'Brien class submarine;1929;1957
314;Capitan Thompson;Chile;Capitan O'Brien class submarine;1929;1958
315;Capps;USA;Fletcher-class destroyer;23-Jun-43;To Spain 1957, scrapped 1985
316;Caradoc;UK;C class light cruiser;15-Jun-17;scrapped 1946
317;Card;USA;Bogue-class escort carrier;08-Nov-42;scrapped 1971
318;Cardiff;UK;C class light cruiser;25-Jun-17;scrapped 1946
319;Carinthia;UK;Armed Merchant Cruiser;Aug-39;torpedoed 6 June 1940, foundered the next day
320;Carlisle;UK;C class light cruiser;11-Nov-18;constructive total loss 9 October 1942, scrapped 1948
321;Carlson;USA;Evarts class destroyer escort;10-May-43;scrapped 1946
322;Carmick;USA;Gleaves class destroyer;28-Dec-42;decommissioned 1954, scrapped 1972
323;Carroll;USA;Cannon class destroyer escort;24-Oct-43;decommissioned 1946, scrapped 1966
324;Carter;USA;Cannon class destroyer escort;03-May-44;to Republic of China 1948, scrapped 1973
325;Casablanca;USA;Casablanca class escort aircraft carrier;08-Jul-43;Decommissioned 10 June 1946, scrapped 1947
326;Case;USA;Mahan class destroyer;15-Sep-36;scrapped 1948
327;Cassin;USA;Mahan class destroyer;21-Aug-36;"destroyed 7 December 1941 but ""rebuilt,"" scrapped 1948"
328;Cassin Young;USA;Fletcher-class destroyer;31-Dec-43;decommissioned 1960, museum ship at Boston, MA
329;Castleton;USA�UK;Town class destroyer;09-Sep-40;scrapped 1947
330;Catamarca;Argentina;Catamarca class destroyer;1912;Sold 1959
331;Cates;USA;Cannon class destroyer escort;15-Dec-43;to France 1950, scrapped 1959
332;Cauvery;India;Modified Black Swan class sloop;;
333;Cavalla;USA;Gato class submarine;29-Feb-44;"decommissioned 1968; museum at Galveston Texas"
334;Cecil J. Doyle;USA;Butler class destroyer escort;16-Oct-44;decommissioned 1946, sunk as target 1967
335;Ceres;UK;C class light cruiser;01-Jun-17;scrapped 1946
336;Cervantes;Argentina;Cervantes class destroyer;;Discarded 24 June 1961
337;Ceylon;UK;Fiji class cruiser;13-Jul-43;sold to Peru 1959, renamed Colonel Bolognesi
338;Chacabuco;Chile;Presidente Errazuriz class cruiser;;Discarded 1952
339;Chaffee;USA;Rudderow class destroyer escort;09-May-44;decommissioned 1946, scrapped 1948
340;Chambers;USA;Edsall class destroyer escort;24-Nov-43;scrapped 1975
341;Champlin;USA;Benson class destroyer;12-Sep-42;decommissioned 1947, scrapped 1972
342;Chao Ho;China;Chao Ho class cruiser;23-Oct-11;sunk 28 September 1937
343;Chandler;USA;Clemson class destroyer-minesweeper;05-Sep-19;scrapped 1946
344;Charger;UK/�USA;Avenger class;02-Oct-41;to USN 4 October 1941, sold as merchant 1947
345;Charles Ausburne;USA;Fletcher-class destroyer;24-Nov-42;to West Germany 1960, scrapped 1968
346;Charles E. Brannon;USA;Butler class destroyer escort;01-Nov-44;decommissioned 1960, scrapped 1969
347;Charles F. Hughes;USA;Benson class destroyer;05-Sep-40;decommissioned 1946, sunk as target 1969
348;Charles J. Badger;USA;Fletcher-class destroyer;23-Jul-43;decommissioned 1957, scrapped 1974
349;Charles J. Kimmel;USA;Rudderow class destroyer escort;20-Apr-44;decommissioned 1947, sunk as target 1969
350;Charles Lawrence;USA;Buckley class destroyer escort;31-May-43;scrapped 1965
351;Charles P. Cecil;USA;Gearing class destroyer;29-Jun-45;to Greece 1980, scrapped 2003
352;Charles R. Greer;USA;Evarts class destroyer escort;25-Jun-43;scrapped 1947
353;Charles R. Ware;USA;Gearing class destroyer;21-Jul-45;decommissioned 1974, sunk as target 1981
354;Charles S. Sperry;USA;Sumner class destroyer;17-May-44;to Chile 1974, scrapped 1990
355;Charlestown;USA�UK;Town class destroyer;23-Sep-40;scrapped 1947[2]
356;Charrette;USA;Fletcher-class destroyer;18-May-43;to Greece 1959, museum ship at Athens
357;Chase;USA;Buckley class destroyer escort;18-Jul-43;scrapped 1946
358;Chaser;UK;Attacker class escort aircraft carrier;09-Apr-43;Returned to USN 12 May 1946, sold into merchant service 20 December 1946 as Aagtekerk
359;Chatelain;USA;Edsall class destroyer escort;22-Sep-43;scrapped 1974
360;Chauncey;USA;Fletcher-class destroyer;31-May-43;decommissioned 1954, scrapped 1972
361;Chelsea;USA�UK�Canada�USSR;Town class destroyer;09-Sep-40;to Canada Nov 1942, to USSR July 1944 as Derzkiy
362;Chenango;USA;Sangamon-class escort carrier;20-Jun-41;decommissioned 1946, scrapped 1960
363;Chervona Ukraina;USSR;Svetlana class light cruiser;03-Oct-13;Sunk 12 November 1941
364;Chester;USA;Northampton class heavy cruiser;24-Jun-30;scrapped 1959
365;Chester T. O'Brien;USA;Butler class destroyer escort;03-Jul-44;decommissioned 1959, scrapped 1974
366;Chesterfield;USA�UK;Town class destroyer;09-Sep-40;scrapped 1947
367;Chevalier�(DD-451);USA;Fletcher-class destroyer;20-Jun-42;sunk 7 October 1943
368;Chevalier (II);USA;Gearing class destroyer;09-Jan-45;to South Korea 1977
369;Chew;USA;Wickes class destroyer;12-Dec-18;scrapped 1946
370;Chicago (I);USA;Northampton class heavy cruiser;09-Mar-31;sunk 30 January 1943
371;Chicago (II);USA;Baltimore class heavy cruiser;10-Jan-45;converted to missile cruiser 1964, decommissioned 1980, scrapped 1992
372;Chikuma;Japan;Tone class heavy cruiser;30-May-39;sunk 25 October 1944
373;Chitose;Japan;Chitose class aircraft carrier;25-Jul-38;sunk 25 October 1944
374;Chiyoda;Japan;Chitose class aircraft carrier;15-Dec-38;sunk 25 October 1944
375;Ch?kai;Japan;Takao class heavy cruiser;1932;sunk 25 October 1944
376;Christopher;USA�Brazil;Cannon class destroyer escort;23-Oct-43;to Brazil 19 December 1944 as Benevente
377;Churchill;USA�UK�USSR;Town class destroyer;09-Sep-40;to USSR as Deyatelny 16 July 1944, sunk 16 January 1945
378;Ch?y?;Japan;Taiy? class aircraft carrier;25-Nov-42;sunk 4 December 1943
379;Cincinnati;USA;Omaha class light cruiser;01-Jan-24;scrapped 1946
380;Clare;USA�UK;Town class destroyer;09-Sep-40;scrapped 1945
381;Clarence K. Bronson;USA;Fletcher-class destroyer;11-Jun-43;to Turkey 1967, scrapped 1987
382;Clarence L. Evans;USA;Cannon class destroyer escort;25-Jun-44;to France 1952, scrapped 1960
383;Clark;USA;Porter class destroyer leader;20-May-36;scrapped 1946
384;Claxton (I);USA/�UK/�Canada;Wickes class destroyer;13-Sep-19;to UK 5 December 1940 as HMS (later HMCS) Salisbury
385;Claxton;USA;Fletcher-class destroyer;08-Dec-42;To West Germany 1959
386;Clemson;USA;Clemson class sea plane tender, destroyer & high speed transport;29-Dec-19;Decommissioned 12 October 1945
387;Cleveland;USA;Cleveland class light cruiser;15-Jun-42;decommissioned 7 February 1947, scrapped 1960
388;Clive;India;24 class sloop;20-Apr-20;Scrapped 1947
389;Cloues;USA;Evarts class destroyer escort;10-Aug-43;scrapped 1947
390;Coates;USA;Rudderow class destroyer escort;24-Jan-44;decommissioned 1970, sunk as target 1971
391;Cockrill;USA;Edsall class destroyer escort;24-Dec-43;decommissioned 1946, sunk as target 1974
392;Codrington;UK;A class destroyer leader;04-Jun-30;sunk 27 July 1940
393;Cofer;USA;Buckley class destroyer escort;18-Jan-44;decommissioned 1946, scrapped 1968
394;Coffman;USA;Cannon class destroyer escort;27-Dec-43;decommissioned 1946, scrapped 1973
395;Coghlan;USA;Benson class destroyer;10-Jul-42;decommissioned 1947, scrapped 1974
396;Cogswell;USA;Fletcher-class destroyer;17-Aug-43;to Turkey 1969, scrapped 1980
397;Colahan;USA;Fletcher-class destroyer;23-Aug-43;sunk as target 1966
398;Colbert;France;Suffren class heavy cruiser;04-Mar-31;scuttled 27 November 1942
399;Cole;USA;Wickes class destroyer;19-Jun-19;scrapped 1947
400;Colhoun (I);USA;Wickes class destroyer, converted to a fast transport;13-Jun-18;sunk 30 August 1942
401;Colhoun�(DD-801);USA;Fletcher-class destroyer;08-Jul-44;Sunk 6 April 1945
402;Collett;USA;Sumner class destroyer;16-May-44;to Argentina 1974
403;Colombo;UK;C class light cruiser;18-Jun-19;scrapped 1948
404;Colossus;UK;Colossus class aircraft carrier;16-Dec-44;transferred to France, renamed Arromanches 6 August 1946
405;HMCS Columbia;USA�Canada;Town class destroyer;24-Sep-40;scrapped 1945
406;USS Columbia;USA;Cleveland class light cruiser;29-Jul-42;scrapped 1959
407;Columbus;USA;Baltimore class heavy cruiser;08-Jun-45;converted to missile cruiser 1962, scrapped 1977
408;Combattante;Free France;Hunt class Escort destroyer;30-Dec-42;sunk 23 February 1945
409;Commencement Bay;USA;Commencement Bay class escort carrier;27-Nov-44;Decommissioned 30 November 1946, scrapped 1971
410;Compton;USA;Sumner class destroyer;04-Nov-44;to Brazil 1972, scrapped 1990
411;Concord;USA;Omaha class light cruiser;03-Nov-23;scrapped 1947
412;Cone;USA;Gearing class destroyer;18-Aug-45;to Pakistan 1982, scrapped 1998
413;Conklin;USA;Butler class destroyer escort;21-Apr-44;decommissioned 1946, scrapped 1972
414;Conner (I);USA/�UK;Caldwell class destroyer;12-Jan-18;To UK as HMS Leeds, 23 October 1940
415;Conner�(DD-582);USA;Fletcher-class destroyer;08-Jun-43;to Greece 1959, scrapped 1997
416;Connolly;USA;Evarts class destroyer escort;08-Jul-44;scrapped 1947
417;ORP Conrad ex. HMS Danae;UK, then �Poland;D class cruiser;04-Oct-44;returned to Royal Navy 28 September 1946, scrapped Mar 1948
418;Conte di Cavour;Italy;Conte di Cavour-class battleship;1915;Decommissioned 18 May 1928
419;Converse;USA;Fletcher-class destroyer;20-Nov-42;to Spain 1959, scrapped 1988
420;Conway (ex-Craven) (I);USA/�UK;Caldwell class destroyer;19-Oct-18;To UK as HMS Lewes, 23 October 1940
421;Conway�(DD-507);USA;Fletcher-class destroyer;09-Oct-42;sunk as target 1970
422;Cony;USA;Fletcher-class destroyer;30-Oct-42;sunk as target 1970
423;Conyngham;USA;Mahan class destroyer;04-Nov-36;scuttled 1948 after A-bomb test
424;Coolbaugh;USA;Buckley class destroyer escort;15-Oct-43;decommissioned 1960, scrapped 1973
425;Cooner;USA;Cannon class destroyer escort;21-Aug-43;decommissioned 1946, scrapped 1973
426;Cooper;USA;Sumner class destroyer;09-Feb-44;sunk 3 December 1944
427;Copahee;USA;Bogue-class escort carrier;15-Jun-42;decommissioned 1946, scrapped 1961
428;Coral Sea (later Anzio);USA;Casablanca-class escort carrier;27-Aug-43;decommissioned 1946, scrapped 1959
429;Corbesier;USA;Butler class destroyer escort;31-Mar-44;decommissioned 1946, scrapped 1974
430;Core;USA;Bogue-class escort carrier;10-Dec-42;decommissioned 1946, scrapped 1971
431;Cornwallis;India;Cornwallis class sloop;1921;Scrapped 1946
432;Corregidor;USA;Casablanca-class escort carrier;31-Aug-43;scrapped 1959
433;Corry;USA;Gleaves class destroyer;18-Dec-41;sunk 6 June 1944
434;Cossack;UK;Tribal class destroyer;07-Jun-38;sunk 24 October 1941
435;Coronel;German;auxiliary cruiser;13-Aug-38;ran aground 21 November 1984
436;Corrientes;Argentina;Buenos Aires class destroyer;;Lost 3 October 1941
437;Cotten;USA;Fletcher-class destroyer;24-Jul-43;decommissioned 1960, scrapped 1975
438;Courageous;UK;Glorious-class aircraft carrier;04-Nov-16;sunk 17 September 1939
439;Courbet;France�Free France;Courbet-class battleship;Nov-13;"scuttled as a ""Gooseberry"" breakwater 6 June 1944"
440;Cowell (I);USA/�UK/�USSR;Wickes class destroyer;17-Mar-19;to RN 23 September 1940 as HMS Brighton (later to USSR as Zharkiy)
441;Cowell�(DD-547);USA;Fletcher-class destroyer;23-Aug-43;to Argentina 1971, scrapped 1982
442;Cowpens;USA;Independence class light carrier;28-May-43;decommissioned 13 January 1947, scrapped 1960
443;Coventry;UK;C class light cruiser;21-Feb-18;lost 14 September 1942
444;Cowie;USA;Gleaves class destroyer;01-Jun-42;decommissioned 1947, scrapped 1972
445;Crane;USA;Wickes class destroyer;18-Apr-19;scrapped 1946
446;Craven;USA;Gridley class destroyer;02-Sep-37;scrapped 1947
447;Croatan;USA;Bogue-class escort carrier;28-Apr-43;decommissioned 1946, scrapped 1971
448;Croix de Lorraine;UK�Free France;River class frigate;25-Sep-44;Decommissioned 1961
449;Cronin;USA;Buckley class destroyer escort;05-May-44;sunk as target 1971
450;Crosby;USA;Wickes class destroyer and destroyer-transport;24-Jan-19;scrapped 1946
451;Cross;USA;Butler class destroyer escort;08-Jan-45;decommissioned 1958, scrapped 1968
452;Crouter;USA;Evarts class destroyer escort;25-May-43;scrapped 1947
453;Crowninshield;USA�UK�Canada�USSR;Wickes class destroyer;24-Jul-19;to RN 9 September 1940 as HMS (later HMCS) Chelsea, then to USSR as Derzkiy
454;Crowley;USA;Evarts class destroyer escort;25-Mar-44;scrapped 1947
455;Cuba;Cuba;sloop;1911;stricken 1971
456;Cummings;USA;Mahan class destroyer;25-Nov-36;scrapped 1947
457;Curacoa;UK;C class light cruiser;18-Feb-18;lost 2 October 1942
458;Curlew;UK;C class light cruiser;14-Dec-17;lost 26 May 1940
459;Currier;USA;Buckley class destroyer escort;01-Feb-44;sunk as target 1967
460;Cushing (I);USA;Mahan class destroyer;28-Aug-36;sunk 13 November 1942
461;Cushing�(DD-797);USA;Fletcher-class destroyer;17-Jan-44;to Brazil 1961, scrapped 1982
462;Dahlgren;USA;Clemson-class destroyer;06-Jan-20;scrapped 1946
463;Dale;USA;Farragut class destroyer;17-Jun-35;scrapped 1947
464;Dale W. Peterson;USA;Edsall-class destroyer escort;17-Feb-44;decommissioned 1946, scrapped 1972
465;Dallas;USA;Clemson-class destroyer;29-Oct-20;scrapped 1945
466;Daly;USA;Fletcher-class destroyer;24-Oct-42;decommissioned 1960, scrapped 1976
467;Damon M. Cummings;USA;Buckley-class destroyer escort;29-Jun-44;decommissioned 1947, scrapped 1973
468;Daniel;USA;Edsall-class destroyer escort;24-Jan-44;decommissioned 1946, scrapped 1974
469;Daniel A. Joy;USA;Rudderow-class destroyer escort;28-Apr-44;scrapped 1966
470;Daniel T. Griffin;USA;Buckley-class destroyer escort;09-Jun-43;to Chile 1966
471;Darby;USA;Buckley-class destroyer escort;15-Nov-43;sunk as target 1970
472;Dasher;UK;Avenger class escort aircraft carrier;02-Jul-42;sunk 27 March 1943
473;Dashiell;USA;Fletcher-class destroyer;20-Mar-43;decommissioned 1960, scrapped 1975
474;Dauntless;UK;Danae class cruiser;10-Apr-18;scrapped 1946
475;David W. Taylor;USA;Fletcher-class destroyer;18-Sep-43;to Spain 1957, scrapped 1987
476;Davis;USA;Somers class destroyer leader;09-Nov-38;scrapped 1947
477;Davison;USA;Gleaves class destroyer;11-Sep-42;decommissioned 1949, scrapped 1973
478;Day;USA;Rudderow-class destroyer escort;10-Jun-44;
479;Dayton;USA;Cleveland class light cruiser;07-Jan-45;scrapped 1962
480;Decatur;USA;Clemson-class destroyer;Aug-22;scrapped 1945
481;Decker;USA�China;Evarts-class destroyer escort;03-May-43;"to Republic of China as Tai Ping 28 August 1945; sunk in action 1954"
482;D�couverte;Free France;River class frigate;Feb-44;Decommissioned 1959
483;Decoy;UK;D-class destroyer;04-Apr-33;Transferred to RCN 12 April 1943, renamed HMCS Kootenay, broken up Jan 1946
484;Deede;USA;Evarts-class destroyer escort;29-Jul-43;scrapped 1947
485;De Haven (I);USA;Fletcher-class destroyer;21-Jun-42;sunk 1 February 1943
486;De Haven (II);USA;Sumner-class destroyer;31-Mar-44;to South Korea 1973, scrapped 1993
487;Delhi;UK;Danae class cruiser;Jun-19;scrapped 1948
488;DeLong;USA;Rudderow-class destroyer escort;31-Dec-43;sunk as target 1970
489;Dempsey;USA;Evarts-class destroyer escort;23-Jul-43;scrapped 1947
490;Dennis;USA;Butler-class destroyer escort;20-Mar-44;decommissioned 1946, scrapped 1973
491;Dennis J. Buckley;USA;Gearing-class destroyer;02-Mar-45;scrapped 1974
492;Dent;USA;Wickes-class destroyer;09-Sep-18;scrapped 1946
493;Denver;USA;Cleveland class light cruiser;15-Oct-42;scrapped 1960
494;De Ruyter;Netherlands;De Ruyter class cruiser;03-Oct-36;sunk 28 February 1942
495;Despatch;UK;Danae class cruiser;02-Jun-22;scrapped 1946
496;Detroit;USA;Omaha class light cruiser;31-Jul-23;scrapped 1946
497;Deutschland;German;Deutschland class heavy cruiser;01-Apr-33;renamed L�tzow
498;Devonshire;UK;County class cruiser;18-Mar-29;scrapped Dec 1954
499;Dewey;USA;Farragut class destroyer;14-Oct-34;scrapped 1946
500;Dickerson;USA;Wickes-class destroyer and destroyer-transport;03-Sep-19;sunk 4 April 1945
501;Diether von Roeder;German;Type 1936 destroyer;29-Aug-38;sunk 13 April 1940
502;Diomede;UK;Danae class cruiser;24-Apr-22;scrapped 1946
503;Dionne;USA;Evarts-class destroyer escort;16-Jul-43;scrapped 1947
504;Dobler;USA;Evarts-class destroyer escort;17-May-43;scrapped 1946
505;Doherty;USA;Evarts-class destroyer escort;06-Feb-43;scrapped 1946
506;Donaldson;USA;Evarts-class destroyer escort;01-Dec-43;scrapped 1946
507;Doneff;USA;Evarts-class destroyer escort;10-Jun-43;scrapped 1947
508;Donnell;USA;Buckley-class destroyer escort;26-Jun-43;damaged Aug 1943 and converted to power barge, scrapped 1946
509;Doran;USA;Gleaves class destroyer;04-Aug-42;decommissioned 1947, scrapped 1973
510;Dorsey;USA;Wickes-class destroyer;16-Sep-18;grounded in typhoon, 9 October 1945
511;Dortch;USA;Fletcher-class destroyer;07-Aug-43;to Argentina 1961, scrapped 1977
512;Douglas A. Munro;USA;Butler-class destroyer escort;11-Jul-44;decommissioned 1960, sunk as target 1966
513;Douglas H. Fox;USA;Sumner-class destroyer;26-Dec-44;to Chile 1974, sunk as target 1998
514;Douglas L. Howard;USA;Edsall-class destroyer escort;29-Jul-43;decommissioned 1946, scrapped 1974
515;Downes;USA;Mahan class destroyer;15-Jan-37;"destroyed 7 December 1941 but ""rebuilt,"" scrapped 1948"
516;Doyle;USA;Gleaves class destroyer;27-Jan-43;decommissioned 1955, scrapped 1972
517;Doyle C. Barnes;USA;Butler-class destroyer escort;13-Jul-44;decommissioned 1947, scrapped 1973
519;Dragon;UKthen �Poland;Danae class cruiser;Aug-18;"damaged, then used as a blockship in ""Gooseberry"" breakwater, July 1944"
520;Drayton;USA;Mahan class destroyer;01-Sep-36;scrapped 1947
521;Drexler;USA;Sumner-class destroyer;14-Nov-44;sunk 28 May 1945
522;Drum;USA;Gato class submarine;01-Nov-41;"decommissioned 1967; museum at Mobile, Alabama"
523;Duffy;USA;Evarts-class destroyer escort;05-Aug-43;scrapped 1947
524;Dufilho;USA;Butler-class destroyer escort;21-Jul-44;decommissioned 1946, scrapped 1973
525;Duguay-Trouin;France�Free France;Duguay-Trouin class light cruiser;02-Nov-26;decommissioned 9 March 1952
526;Duke of York;UK;King George V-class battleship;28-Feb-40;scrapped 1957
527;Duluth;USA;Cleveland class light cruiser;18-Sep-44;scrapped 1960
528;Duncan (I);USA;Gleaves class destroyer;16-Apr-42;sunk 12 October 1942
529;Duncan (II);USA;Gearing-class destroyer;25-Feb-45;decommissioned 1971, sunk as target 1980
530;Dundee;UK;Shoreham class sloop;31-Mar-33;Torpedoed and sunk 15 September 1940
531;Dunedin;UK;Danae class cruiser;19-Nov-18;lost 24 November 1941
532;Dunkerque;France;Dunkerque-class battleship;15-Apr-37;scuttled 27 November 1942
533;Dunlap;USA;Mahan class destroyer;12-Jun-37;scrapped 1948
534;Dunvegan Castle;UK;Armed merchant cruiser;07-Sep-39;sunk 28 August 1940
535;Dupleix;France;Suffren class heavy cruiser;07-Jul-32;scuttled 27 November 1942
536;Du Pont;USA;Wickes-class destroyer;30-Apr-19;scrapped 1947
537;Duquesne;France�Free France;Duquesne class heavy cruiser;06-Dec-28;condemned 1955
538;Durban;UK;Danae-class cruiser;01-Nov-21;"""Gooseberry"" breakwater blockship, 9 June 1944"
539;Durant;USA;Edsall-class destroyer escort;17-Feb-44;decommissioned 1964, scrapped 1974
540;Durik;USA;Buckley-class destroyer escort;16-Nov-43;decommissioned 1946, scrapped 1967
541;Dyess;USA;Gearing-class destroyer;21-May-45;scrapped 1981
542;Dyson;USA;Fletcher-class destroyer;30-Dec-42;to West Germany 1960, scrapped 1982
543;Eagle;UK;aircraft carrier;26-Feb-24;sunk 11 August 1942
544;Earle;USA;Gleaves class destroyer;01-Sep-42;decommissioned 1947, scrapped 1970
545;Eberle;USA;Gleaves class destroyer;04-Dec-40;Transferred to Greece, 22 January 1951, scrapped 1972
546;Edinburgh;UK;Town class light cruiser;06-Jul-39;lost 2 May 1942
547;Edison;USA;Gleaves class destroyer;31-Jan-41;decommissioned 1946, scrapped 1966
548;Edwards;USA;Gleaves class destroyer;18-Sep-42;decommissioned 1946, scrapped 1973
549;Eidsvold;Norway;coastal defence ship;1901;sunk 9 April 1940
550;El Amir Farouq;Kingdom of Egypt;patrol vessel;;
551;El Dorado;USA;Mount McKinley class amphibious force command ship;25-Aug-44;Decommissioned 8 November 1972, scrapped 1976
552;Ellet;USA;Benham class destroyer;17-Feb-39;scrapped 1947
553;Elli;Greece;Chao Ho class protected cruiser;Nov-13;sunk 15 August 1940
554;Ellyson;USA;Gleaves class destroyer;28-Nov-41;to Japan 1954, scrapped 1970
555;Emanuele Filiberto Duca d'Aosta;Italy;Duca d'Aosta class light cruiser;13-Jul-35;ceded to USSR 1949, renamed Kerch, scrapped in 1960s
556;Emden;German;light cruiser;Oct-25;scuttled 3 May 1945
557;Emerald;UK;Emerald class light cruiser;14-Jan-26;scrapped July 1948
558;�mile Bertin;France�Free France;�mile Bertin class light cruiser;28-Jan-35;scrapped 1959
559;Emmons;USA;Gleaves class destroyer;05-Dec-41;sunk 6 April 1945
560;Emperor;UK;Ruler class escort aircraft carrier;06-Aug-43;Returned to USN 12 February 1946, sold for scrap 26 November 1947
561;Empire MacAlpine;UK;Empire class merchant aircraft carrier and grain carrier;14-Apr-43;"transferred to merchant service post-war; renamed Derryname"
562;Empire MacAndrew;UK;Empire class merchant aircraft carrier and grain carrier;07-Jul-43;"transferred to merchant service post-war; renamed Derryheen"
563;Empire MacCabe;UK;Empire class merchant aircraft carrier and oil tanker;Nov-43;Transferred to merchant service 1946, renamed British Escort
564;Empire MacCallum;UK;Empire class merchant aircraft carrier and grain carrier;22-Dec-43;"transferred to merchant service post-war; renamed Alpha Zambesi"
565;Empire MacColl;UK;Empire class merchant aircraft carrier and oil tanker;Nov-43;Transferred to merchant service 1946, renamed British Pilot
566;Empire MacDermott;UK;Empire class merchant aircraft carrier and grain carrier;31-Mar-44;"transferred to merchant service post-war; renamed La Cumbre"
567;Empire MacKay;UK;Empire class merchant aircraft carrier and oil tanker;05-Oct-43;Transferred to merchant service 1946, renamed British Swordfish
568;Empire MacKendrick;UK;Empire class merchant aircraft carrier and grain carrier;Dec-43;"transferred to merchant service post-war; renamed Granpond"
569;Empire MacMahon;UK;Empire class merchant aircraft carrier and oil tanker;Dec-43;Transferred to merchant service 1946, renamed Naninia
570;Empire MacRae;UK;Empire class merchant aircraft carrier and grain carrier;20-Sep-43;Returned to merchant service 1947, renamed Alpha Zambesi
571;Empress;UK;Ruler class escort aircraft carrier;09-Aug-43;Returned USN 4 February 1946, sold for scrap 21 June 1946
572;Endicott;USA;Gleaves class destroyer;25-Feb-43;decommissioned 1955, scrapped 1970
573;Enterprise;UK;Emerald class light cruiser;07-Apr-26;scrapped April 1946
574;Enterprise;USA;Yorktown class fleet carrier;12-May-38;decommissioned 1947,scrapped 1959
575;Entre Rios;Argentina;Buenos Aires class destroyer;;
576;Erebus;UK;Erebus class monitor;02-Sep-16;Scrapped July 1946
577;Erich Giese;German;Type 1934A destroyer;04-Mar-39;sunk 13 April 1940
578;Erich Koellner;German;Type 1934A destroyer;28-Mar-39;sunk 13 April 1940
579;Erich Steinbrinck;German;Type 1934A destroyer;31-May-38;"ceded to USSR, 5 November 1945, renamed Pylikiy; scrapped 1958"
580;Ericsson;USA;Gleaves class destroyer;13-Mar-41;decommissioned 1946, sunk as target 1970
581;Eritrea;Italy;sloop;1937;ceded to France 1948, renamed  Francis Garnier, expended as target 1966
582;Escarmouche;Free France;River class frigate;03-Mar-44;Decommissioned 1960
583;Eskdale;Norway;Hunt class destroyer escort destroyer;31-Jul-42;sunk 14 April 1943
584;Eskimo;UK;Tribal class destroyer;30-Dec-38;scrapped 1949
585;Essex;USA;Essex class aircraft carrier;31-Dec-42;decommissioned 30 June 1969, scrapped 1975
586;Eugenio di Savoia;Italy;Duca d'Aosta class light cruiser;16-Jan-36;ceded to Greece 1950, renamed  Elli, scrapped 1973
587;Exeter;UK;York class cruiser;23-Jul-31;sunk 1 March 1942
588;Falke;German;Raubvogel class torpedoboat;15-Aug-27;sunk 15 June 1944
589;Fall River;USA;Baltimore class heavy cruiser;01-Jul-45;decommissioned 1947, scrapped 1972
590;Fanning;USA;Mahan class destroyer;08-Oct-37;scrapped 1948
591;Farenholt;USA;Benson class destroyer;02-Apr-42;decommissioned 1946, scrapped 1972
592;Farragut;USA;Farragut class destroyer;18-Jun-34;scrapped 1947
594;Fiji;UK;Crown Colony-class cruiser;05-May-40;sunk 22 May 1941
595;Fitch;USA;Gleaves class destroyer;03-Feb-42;decommissioned 1956, sunk as target 1973
596;Fiume;Italy;Zara class heavy cruiser;1931;sunk 29 March 1941
597;Fletcher;USA;Fletcher class destroyer;30-Jun-42;Decommissioned 1 August 1969, scrapped 1972
598;USS Flint;USA;Atlanta class light cruiser;31-Aug-44;decommissioned 1947, scrapped 1966
599;Flores;Netherlands;Flores class sloop;25-Mar-26;scrapped Nov 1968
600;Flusser;USA;Mahan class destroyer;01-Oct-36;scrapped 1948
601;Foch;France;Suffren class heavy cruiser;15-Aug-31;scuttled 27 November 1942
602;Folkestone;UK;Folkestone class sloop;25-Jun-40;scrapped 22 May 1947
603;Formidable;UK;Illustrious class aircraft carrier;24-Nov-40;scrapped 1953
604;Forrest;USA;Gleaves class destroyer;13-Jan-42;scrapped 1946
605;Frankford;USA;Gleaves class destroyer;31-Mar-43;decommissioned 1946, sunk as target 1973
606;Franklin;USA;Essex class fleet carrier;31-Jan-44;Decommissioned 17 February 1947, scrapped 1964
607;Frazier;USA;Benson class destroyer;30-Jul-42;decommissioned 1946, scrapped 1972
608;Frederick C. Davis;USA;Edsall class destroyer escort;14-Jul-43;sunk 24 April 1945
609;Fredericton;Canada;Flower-class corvette;08-Dec-41;converted to fishing trawler
610;Fridtjof Nansen;Norway;Coast Guard ship;29-May-31;ran aground and sank 8 November 1940
611;Friedrich Eckholdt;German;Type 1934A destroyer;28-Jul-38;sunk 31 December 1942
612;Friedrich Ihn;German;Type 1934A destroyer;06-Apr-38;scrapped 1952
613;Frobisher;UK;Hawkins class heavy cruiser;20-Sep-24;sold for scrap March 26th, 1949
615;Fubuki;Japan;Fubuki class destroyer;10-Aug-28;sunk 11 October 1942
616;Fujinami;Japan;Y?gumo class destroyer;31-Jul-43;sunk 10 January 1945
617;Fumizuki;Japan;Mutsuki class destroyer;03-Jul-26;sunk 18 February 1944
618;Furious;UK;Glorious-class aircraft carrier;14-Oct-17;scrapped 1948
619;Furutaka;Japan;Furutaka class heavy cruiser;31-Mar-26;sunk 20 December 1942
620;Fury;UK;F class destroyer;10-Sep-34;mined 21 June 1944, not repaired
621;Fus?;Japan;Fus?-class battleship;18-Nov-15;sunk 25 October 1944
622;Fuyuzuki;Japan;Akizuki class destroyer;30-Apr-44;scrapped and converted to breakwater 1948
624;Gadila;Netherlands;Rapana class merchant aircraft carrier and oil tanker;1944;"returned to merchant service 1946; scrapped 1958"
625;Gambia;UKthen �New Zealand;Fiji class light cruiser;21-Feb-42;scrapped 1968
626;Gambier Bay;USA;Casablanca  class escort carrier;28-Dec-43;Sunk 25 October 1944
627;Gamble;USA;Wickes class destroyer minelayer;29-Nov-18;Damaged beyond repair Iwo Jima 17 February 1945, scuttled Guam 16 July 1945.
628;Gansevoort;USA;Benson class destroyer;25-Aug-42;decommissioned 1946, sunk as target 1972
629;Garland;UKthen �Poland;G class destroyer;03-Mar-36;sold to the Netherlands 14 November 1947
630;Gato;USA;Gato class submarine;31-Dec-41;Scrapped 25 July 1960
631;Gelderland;Netherlands;Holland class cruiser (pantserdekschip);16-Jul-00;captured by Germany 1940, renamed Niobe, sunk 16 July 1944
632;General Belgrano;Argentina;Garibaldi class cruiser;1896;Stricken 8 May 1947
634;Georg Thiele;German;Type 1934 destroyer;27-Feb-37;sunk 13 April 1940
635;George Leygues;France�Free France;La Galissonni�re class light cruiser;15-Nov-37;scrapped 1959
636;Georgios Averof;Greece;armored cruiser;16-May-11;Decommissioned 1951, museum ship
637;Gherardi;USA;Gleaves class destroyer;15-Sep-42;decommissioned 1955, sunk as target 1973
638;Gillespie;USA;Benson class destroyer;18-Sep-42;decommissioned 1946, sunk as target 1973
639;Giovanni dalle Bande Nere;Italy;Giussano class light cruiser;10-Feb-32;Sunk 19 July 1940
640;Giulio Cesare;Italy;Conte di Cavour-class battleship;10-May-14;Ceded to USSR 1948, renamed Novorossiysk
641;Giuseppe Garibaldi;Italy;Duca degli Abruzzi class light cruiser;1937;scrapped 1972
642;Giuseppe Miraglia;Italy;seaplane tender;1927;decommissioned 15 July 1950
643;Glaisdale;Norway;Hunt class destroyer escort destroyer;12-Jun-42;renamed HNoMS Narvik 1946, scrapped 1961
644;Gleaves;USA;Gleaves class destroyer;14-Jun-40;Sold 29 June 1972 and broken up for scrap
645;Glennon;USA;Gleaves class destroyer;08-Oct-42;sunk 10 June 1944
646;Gloire;France�Free France;La Galissonni�re class light cruiser;15-Nov-37;scrapped 1958
647;Glorious;UK;Glorious-class aircraft carrier;20-Apr-16;sunk 8 June 1940[7]
648;Glory;UK;Colossus-class aircraft carrier;02-Apr-45;scrapped August 1961
649;Gloucester;UK;Town-class light cruiser;31-Jan-39;Sunk on 22 May 1941 during the Battle of Crete[8]
650;Gneisenau;German;Scharnhorst-class battleship;21-May-38;sunk as block ship March 1945 (Gotenhafen/Gdynia)
651;Godavari;India;Black Swan-class sloop;28-Jun-43;Transferred to Pakistan 1948, renamed Sind
652;Goldsborough;USA;Clemson class destroyer;26-Jan-20;Decommissioned 11 October 1945
653;Good Hope;South Africa;Loch class frigate;01-Dec-44;scrapped June 1978
654;Goodall;UK;Captain class frigate;04-Oct-43;sunk 29 April 1945
655;Gorizia;Italy;Zara class heavy cruiser;1931;sunk 1943
656;Graf Spee (short name for Admiral Graf Spee);German;Deutschland class pocket battleship or heavy cruiser;06-Jan-36;scuttled 17 December 1939
657;Graf Zeppelin;German;aircraft carrier;08-Dec-38;Sunk as target in the Baltic,16 August 1947[9]
658;Grayson;USA;Gleaves class destroyer;14-Feb-41;decommissioned 1947, scrapped 1974
659;Greenhalgh;Brazil;Marcilio Dias class destroyer;29-Nov-43;decommissioned 1966
660;Greif;German;Raubvogel class torpedoboat;15-Mar-27;sunk 23 May 1944
661;Gridley;USA;Gridley class destroyer;24-Jun-37;scrapped 1947
662;Grom;Poland;Grom-class destroyer;11-May-37;sunk 4 May 1940
663;Gryf;Poland;Gryf class minelayer;27-Feb-38;sunk 3 September 1939
664;Guam;USA;Alaska-class cruiser;17-Sep-44;scrapped Aug 1961
665;Gurkha;UK;Tribal class destroyer;21-Oct-38;sunk 9 April 1940
666;Gwin;USA;Gleaves class destroyer;15-Jan-41;sunk 13 July 1943
667;Haguro;Japan;Myoko class heavy cruiser;25-Apr-29;sunk 16 May 1945
668;Hai Chao;China;sloop;;
669;Hai Chen;China;gunship;;
670;Hai Chi;China;gunship;;
671;Hai Chou;China;gunship;;
672;Hai Yung;China;gunship;;
673;Haida;Canada;Tribal class destroyer;30-Aug-43;preserved at Hamilton, Ontario Canada
674;Hambleton;USA;Gleaves class destroyer;22-Dec-41;decommissioned 1955, scrapped 1972
675;Hammann;USA;Sims class destroyer;11-Aug-39;sunk 6 June 1942
676;Hancock;USA;Ticonderoga class fleet carrier;15-Apr-44;Decommissioned 30 January 1976, scrapped
677;Hansa;German;auxiliary cruiser;02-Feb-44;scrapped 1971
678;Hans Lody;German;Type 1934A destroyer;13-Sep-38;scrapped 1946 - 1949
679;Hans L�demann;German;Type 1936 destroyer;08-Oct-38;sunk 13 April 1940
681;Harder;USA;Gato class submarine;02-Dec-42;Sunk 24 August 1944
682;Harding;USA;Gleaves class destroyer;25-May-43;scrapped 1947
683;Haruna;Japan;Kong?-class battlecruiser;;sunk 28 July 1945
684;Harvester;UK;Havant class destroyer;23-May-40;sunk 11 March 1943
685;Havant;UK;Havant class destroyer;19-Dec-39;scuttled 1 June 1940
686;Havelock;UK;Havant class destroyer;10-Feb-40;scrapped Oct 1946
687;Hayatake;Japan;aircraft carrier;;
688;USS Heermann;USA;Fletcher Class destroyer;06-Jul-43;transfer to Argentina 1961, scrapped 1982
689;Helena;USA;St. Louis class light cruiser;18-Sep-39;sunk 6 July 1943
690;Hekla;Denmark;light cruiser hulk;;
691;Helm;USA;Bagley class destroyer;16-Oct-37;scrapped 1947
692;Henley;USA;Bagley class destroyer;14-Aug-37;sunk 3 October 1943
693;Hermann K�nne;German;Type 1936 destroyer;12-Jan-39;sunk 13 April 1940
694;Hermann Schoemann;German;Type 1934A destroyer;09-Sep-37;sunk 2 May 1942
695;Hermes;UK;aircraft carrier;07-Jul-23;sunk 9 April 1942
696;Herndon;USA;Gleaves class destroyer;20-Dec-42;decommissioned 1946, sunk as target 1973
697;Hesperus;UK;Havant class destroyer;22-Jan-40;scrapped November 1946
698;Highlander;UK;Havant class destroyer;18-Mar-40;scrapped May 1946
699;Hindustan;India;Folkestone class sloop;10-Oct-30;Transferred to Pakistan 1948, renamed Karsaz
700;Hiry?;Japan;S?ry? class aircraft carrier;05-Jul-39;sunk 5 June 1942
701;Hiei;Japan;Kong?-class battlecruiser;1914;sunk 14 November 1942
702;Hilary P. Jones;USA;Benson class destroyer;06-Sep-40;to Taiwan 1954, scrapped 1974
703;Hiy?;Japan;Hiy? class aircraft carrier;31-Jul-42;sunk 20 June 1944
704;Hobart;Australia;modified Leander class light cruiser;28-Sep-38;scrapped 1962
705;Hobby;USA;Benson class destroyer;18-Nov-42;decommissioned 1946, sunk as target 1972
706;Hobson;USA;Gleaves class destroyer;22-Jan-42;sunk in collision 1952
707;USS Hoel;USA;Fletcher class destoyer;19-Jul-43;sunk 25 October 1944, Battle of Samar
708;Hood;UK;Admiral-class battlecruiser;05-Mar-20;sunk 24 May 1941
709;Honolulu;USA;Brooklyn class light cruiser;15-Jun-38;scrapped 1959
710;Hornet (I);USA;Yorktown class fleet carrier;25-Oct-41;sunk 27 October 1942
711;Hornet (II);USA;Essex class fleet carrier;29-Nov-43;"decommissioned 26 June 1970; museum Alameda, California"
712;H?sh?;Japan;aircraft carrier;27-Dec-22;scrapped 1947
713;Houston (I);USA;Northampton class heavy cruiser;17-Jun-30;sunk 1 March 1942
714;Houston (II);USA;Cleveland class light cruiser;20-Dec-43;scrapped 1959
715;Hova;Free France;Cannon-class destroyer escort;18-Mar-44;Decommissioned May 1964
716;Howe;UK;King George V-class battleship;28-Sep-42;scrapped 1958
717;Hu�scar;Chile;ironclad;;
718;Hughes;USA;Sims class destroyer;21-Sep-39;scuttled after A-bomb test 1948
719;Hull;USA;Farragut class destroyer;11-Jan-35;foundered in typhoon 18 December 1944
720;Humaita;Brazil;Humaita class submarine;20-Jul-29;Decommissioned 25 November 1950
721;Hunter;UK;Attacker class escort aircraft carrier;09-Jan-43;Returned to USN 29 December 1945, sold into merchant service 17 January 1947 as Almdijk
722;Huron;Canada;Tribal class destroyer;19-Jul-43;scrapped 1965
723;Hurricane;UK;Havant class destroyer;21-Jun-40;sunk 24 December 1943
724;Hvidbj�rnen;Denmark;patrol boat;;
725;Hyatt;Chile;Serrano class destroyer;;Discarded 1963
726;Hydra;Greece;modified Freccia class destroyer;1933;sunk 22 April 1941
727;Hy?ga;Japan;Ise-class battleship;1918;sunk 28 July 1945
728;Ierax;Greece;Wild Beast-class destroyer;19-Oct-12;Decommissioned 1946
729;Idaho;USA;Mississippi-class battleship;01-Apr-08;decommissioned 30 July 1914, sold to Greece, renamed Kilkis, sunk 23 April 1941
730;Illustrious;UK;Illustrious-class aircraft carrier;25-May-40;scrapped 1956
731;Ilmarinen;Finland;coastal defence ship;17-Apr-34;sunk 13 September 1941
732;Implacable;UK;Implacable-class aircraft carrier;28-Aug-44;scrapped 1955
733;Iltis;German;1924 Raubtier class torpedo boat;01-Oct-28;sunk 13 May 1942
734;Indefatigable;UK;Implacable-class aircraft carrier;03-May-44;scrapped 1956
735;Independence;USA;Independence-class light carrier;14-Jan-43;decommissioned 28 August 1946, target ship at Bikini, scuttled 1951
736;Independencia;Argentina;Independencia-class coastal defence battleship;;Stricken 1951
737;Indiana;USA;South Dakota-class battleship;30-Apr-42;decommissioned 11 September 1947, scrapped 1963
738;Indianapolis;USA;Portland-class heavy cruiser;15-Nov-32;sunk 30 July 1945
739;Indomitable;UK;modified Illustrious-class aircraft carrier;10-Oct-41;scrapped 1955
740;Ingolf;Denmark;patrol boat;;became Sleipner (Germany)
741;Ingraham;USA;Gleaves-class destroyer;19-Jul-41;sunk 22 August 1942
742;Intrepid;USA;Essex-class aircraft carrier;16-Aug-43;decommissioned 15 March 1974, museum New York City
743;Iowa;USA;Iowa-class battleship;22-Feb-43;"decommissioned 1954, recommissioned 1984, decommissioned 1990; Memorial at Long Beach, California"
744;Iroquois;Canada;Tribal-class destroyer;30-Nov-42;scrapped 1966
745;Ise;Japan;Ise-class battleship;1917;sunk 28 July 1945
746;Iwate;Japan;Izumo-class armored cruiser;18-Mar-01;sunk 26 July 1945
747;Izumo;Japan;Izumo-class armored cruiser;25-Sep-00;sunk 24 July 1945
748;Isuzu;Japan;Nagara-class light cruiser;15-Aug-23;Sunk 7 April 1945
749;Jacob van Heemskerk;Netherlands;Tromp-class cruiser;16-Sep-39;decommissioned 1969
750;Jaguar;German;1924 Raubtier class torpedo boat;01-Jun-29;sunk 15 June 1944
751;Jamaica;UK;Fiji-class cruiser;29-Jun-42;scrapped 1960
752;Jarvis;USA;Bagley-class destroyer;27-Oct-37;sunk 9 August 1942
753;Java;Netherlands;Java class cruiser;1925;sunk 27 February 1942
754;Jean de Vienne;France;La Galissonni�re-class light cruiser;10-Feb-37;scuttled 27 November 1942
755;Jeanne d'Arc;France;Jeanne d'Arc-class light cruiser;14-Aug-31;scrapped 1965
756;Jeffers;USA;Gleaves-class destroyer;05-Nov-42;decommissioned 1955, scrapped 1973
757;Jervis Bay;UK;Armed Merchant Cruiser;Oct-40;sunk 5 November 1940
758;Jintsu;Japan;Sendai-class light cruiser;31-Jul-25;sunk 13 July 1943
760;Johan Maurits van Nassau;Netherlands;Johan Maurits van Nassau-class sloop;05-Apr-33;sunk 14 May 1940
761;Johnston;USA;Fletcher-class destroyer;27-Oct-43;Sunk 25 October 1944
762;Jouett;USA;Somers-class destroyer leader;25-Jan-39;scrapped 1946
763;Juan De Garray;Argentina;Churruca-class destroyer;25-Mar-60;
764;Jujuy;Argentina;Catamarca-class destroyer;;Sold 10 January 1957
765;Jumna;India;Black Swan-class sloop;13-May-41;
766;Juneau;USA;Atlanta-class light cruiser;14-Feb-42;Sunk 13 November 1942
767;Juny?;Japan;Hiy?-class aircraft carrier;05-May-42;scrapped 1947
768;Kaga;Japan;aircraft carrier;01-Nov-29;sunk 4 June 1942
769;Kaganovich;USSR;Maxim Gorkiy (Project 26 bis) class heavy cruiser;06-Dec-44;
770;Kako;Japan;Furutaka class heavy cruiser;31-Jul-26;sunk 10 August 1942
771;Kaiyo;Japan;aircraft carrier;23-Nov-43;10-Aug-45
772;Kalinin;USSR;Maxim Gorkiy (Project 26 bis) class heavy cruiser;31-Dec-42;
773;Kalk;USA;Benson class destroyer;17-Oct-42;decommissioned 1946, sunk as target 1969
774;Kanaris;Greece;Hunt (Type III) class escort destroyer;10-Aug-42;Returned to Royal Navy 1959, scrapped 1960
775;Karl Galster;German;Type 1936 destroyer;21-Mar-39;scrapped 1956
776;Karlsruhe;German;K class light cruiser;06-Nov-29;sunk 9 April 1940
777;Kashii;Japan;Katori class light cruiser;15-Jul-41;sunk 12 January 1945
778;Kashima;Japan;Katori class light cruiser;31-May-40;"struck 5 October 1945; scrapped 1947"
779;Katori;Japan;Katori class light cruiser;20-Apr-40;sunk 18 February 1944
780;Katsuragi;Japan;aircraft carrier;15-Oct-44;Scrapped 1947
781;Kearny;USA;Gleaves class destroyer;13-Sep-40;decommissioned 1946, scrapped 1972
782;Keith;UK;B class destroyer leader;20-Mar-31;sunk 1 June 1940
783;Kendrick;USA;Benson class destroyer;12-Sep-42;decommissioned 1946, sunk as target 1966
784;Kent;UK;County class heavy cruiser;25-Jun-28;scrapped Jan 1948
785;Kenya;UK;Fiji class light cruiser;27-Sep-40;scrapped 1962
786;Khedive;UK;Ruler class escort aircraft carrier;25-Aug-43;Returned to USN 26 January 1946, stricken 19 July 1946, sold and renamed Rempang
787;Kilkis;Greece;Kilkis class coastal defence ship;01-Apr-08;sunk 23 April 1941
788;King George V;UK;King George V-class battleship;11-Dec-40;decommissioned 1949 and scrapped
789;Kinu;Japan;Nagara class light cruiser;10-Nov-22;sun by USN aircraft, Sibuyan Sea 26 October 1944
790;Kinugasa;Japan;Aoba class heavy cruiser;30-Sep-27;sunk 13 November 1942
791;Kirishima;Japan;Kong?-class battleship;19-Apr-15;sunk 15 November 1942
792;Kirov;USSR;Kirov (Project 26) class heavy cruiser;23-Sep-38;
793;Kiso;Japan;Kuma class light cruiser;29-Jan-21;"20 March 1944; Sunk by USN aircraft west of Cavite"
794;Kistna;India;Modified Black Swan class sloop;;Scrapped 1980
795;Kitakami;Japan;Kuma class light cruiser;15-Apr-21;"30 November 1945; Scrapped"
796;Knapp;USA;Fletcher class destroyer;16-Sep-43;Decommissioned: 4 March 1957, scrapped 1972
797;Knight;USA;Gleaves class destroyer;23-Jun-42;decommissioned 1947, sunk as target 1967
798;K�ln;German;K class light cruiser;Jan-30;sunk 3 March 1945
799;Komet;German;auxiliary cruiser;02-Jun-40;sunk 14 October 1942
800;Kondor;German;1923 (Raubvogel) class torpedo boat;15-Jul-27;decommissioned 28 June 1944
801;Kong?;Japan;Kong?-class battlecruiser;16-Aug-13;sunk 21 November 1944
802;K�nigsberg;German;K class light cruiser;17-Apr-29;sunk 10 April 1940,at Bergen, Norway
803;Kormoran;German;auxiliary cruiser;09-Oct-40;19-Nov-41
804;Kortenaer;Netherlands;Admiralen-class destroyer;03-Sep-28;sunk 27 February 1942
805;Kountouriotis;Greece;modified Freccia class destroyer;1933;decommissioned 1946
806;Krakowiak;Poland;Hunt class destroyer;28-May-41;returned to RN September 1946, scrapped March 1959.
807;Krasnoye Znamya;USSR;Krasnoye Znamya class gunboat;1897;Sunk on 18 November 1942, raised, decommissioned in 1960
808;Krasny Kavkaz;USSR;Kraznyi Kavkaz class cruiser;25-Jan-32;Sunk as a target 1956
809;Krasnyi Krym;USSR;Krasnyi Krym class cruiser;01-Jul-28;Sunk as target in 1959
810;Kriti;Greece;Hunt (Type II) class escort destroyer;Dec-43;Returned to the Royal Navy 12 November 1959
811;Kujawiak;Poland;Hunt class destroyer;17-Jun-41;sunk 16 June 1942, off Malta
812;Kuma;Japan;Kuma class light cruiser;31-Aug-20;"10 March 1944; Sunk by HMS Tally-Ho west of Penang"
813;Kumano;Japan;Mogami class heavy cruiser;31-Oct-31;sunk 15 November 1944
814;La Argentina;Argentina;training light cruiser;;discarded 1974
815;La Galissonni�re;France;La Galissonni�re class light cruiser;01-Jan-36;scuttled 27 November 1942
816;La Rioja;Argentina;destroyer;;
817;Laffey (I);USA;Benson class destroyer;31-Mar-42;sunk 13 November 1942
818;Laffey (II);USA;Sumner class destroyer;08-Feb-44;decommissioned 1975, memorial at Charleston, SC
819;Lake Champlain;USA;Ticonderoga class fleet carrier;03-Jun-45;decommissioned 2 May 1966, sold for scrapping on 28 April 1972
820;Lamberton;USA;Wickes class high speed minesweeper;22-Aug-18;scrapped 9 May 1947
821;Lamotte-Piquet;France;Duguay-Trouin class light cruiser;05-Mar-27;sunk 12 January 1945
822;Lamson;USA;Mahan class destroyer;21-Oct-36;sunk in A-bomb test, 1946
823;Lang;USA;Benham class destroyer;30-Mar-39;scrapped 1947
824;Langley CV-1;USA;light aircraft carrier and seaplane tender;07-Apr-13;sunk 27 February 1942
825;Langley CVL-27;USA;Independence class light carrier;31-Aug-43;decommissioned 11 February 1947, later La Fayette (France), scrapped 1964
826;Lansdale;USA;Benson class destroyer;17-Sep-40;sunk 20 April 1944
827;Lansdowne;USA;Gleaves class destroyer;29-Apr-42;to Turkey 1949, scrapped 1973
828;Lardner;USA;Gleaves class destroyer;13-May-42;to Turkey 1949, sunk as target 1982
829;Latona;UK;Abdiel class minelayer;04-May-41;lost 25 October 1941
830;Laub;USA;Benson class destroyer;24-Oct-42;decommissioned 1946, scrapped 1975
831;Lawford;UK;Captain class frigate;03-Nov-43;sunk 8 June 1944
832;Lawrence;India;24 class sloop;27-Dec-19;Scrapped 1947
833;Leander;New Zealand;Leander class light cruiser;23-Jul-31;returned to UK 8 May 1944, scrapped 1950
834;Leberecht Maass;German;Type 1934 destroyer;14-Jan-37;sunk 22 February 1940
835;Leipzig;German;Leipzig class light cruiser;08-Oct-31;scuttled 11 July 1946
836;Lemnos;Greece;Kilkis class coastal defence ship;01-Feb-08;sunk 23 April 1941
837;Leningrad;USSR;Leningrad class destroyer;Dec-36;scrapped in 1960
838;Leon;Greece;Wild Beast class destroyer;19-Oct-12;sunk 15 May 1941
839;Leopard;German;1924 Raubtier class torpedo boat;01-Jun-28;sunk on 30 April 1940
840;L�opard;Free France;Chacal class destroyer;31-Aug-40;sunk 27 May 1943
841;Lexington CV-2;USA;Lexington class fleet carrier;14-Dec-27;sunk 8 May 1942
842;Lexington CV-16;USA;Essex class fleet carrier;17-Feb-43;"decommissioned 8 November 1991; museum Corpus Christi, Texas"
843;Libertad;Argentina;coastal defense ship;;
844;Lincoln;Norway;Town class destroyer;Feb-42;July 1942 (transferred to Canada)
845;Lightning;UK;L class destroyer;28-May-41;sunk 12 March 1943
846;Littorio;Italy;Littorio-class battleship;06-May-40;renamed Italia, scrapped 1948
847;Livermore;USA;Gleaves-class destroyer;07-Oct-40;Sold 3 March 1961 for scrapping
848;Loch Insh;UK;Loch class frigate;20-Oct-44;transferred to the Royal Malaysian Navy in 1964 and renamed KD Hang Tuah, scrapped in 1977
849;London;UK;County class heavy cruiser;31-Jan-29;scrapped 1950
850;Long Island;USA;Long Island class escort aircraft carrier;02-Jun-41;decommissioned 26 March 1946
852;Lorraine;France�Free France;Bretagne-class battleship;27-Jul-16;Decommissioned 17 February 1953
853;Los Angeles;USA;Baltimore-class heavy cruiser;22-Jul-45;scrapped 1974
854;Lothringen;German;minelayer;Dec-41;sold to merchant service post-war
855;Louisville;USA;Northampton class heavy cruiser;15-Jan-31;scrapped 1959
856;Luigi Di Savoia Duca Degli Abruzzi;Italy;Duca degli Abruzzi class light cruiser;01-Dec-37;scrapped 1972
857;Luchs;German;Raubtier class torpedo boat;15-Apr-29;sunk 26 July 1940
858;Ludlow;USA;Gleaves class destroyer;05-Mar-41;to Greece 1951, scrapped 1972
859;Luigi Cadorna;Italy;Cadorna class light cruiser;11-Aug-33;scrapped 1951
862;Macdonough;USA;Farragut class destroyer;15-Mar-35;scrapped 1947
863;MacKenzie;USA;Benson class destroyer;21-Nov-42;decommissioned 1946, sunk as target 1974
864;Macoma;Netherlands;Rapana class merchant aircraft carrier and oil tanker;01-Apr-44;transferred to merchant service post-war
865;Macomb;USA;Gleaves class destroyer;26-Jan-42;to Japan 1954, to Taiwan 1970, scrapped 1980
866;Maddox;USA;Gleaves class destroyer;31-Oct-42;sunk 10 July 1943
867;Madison;USA;Benson class destroyer;06-Aug-40;decommissioned 1946, sunk as target 1969
868;Madras;India;Bathurst class minesweeper;12-May-42;Decommissioned 1960
869;Mahan;USA;Mahan class destroyer;18-Sep-36;sunk 7 December 1944
870;Mahratta;UK;M class destroyer;28-Jul-42;sunk 25 February 1944
871;Mahroussa;Kingdom of Egypt;yacht;;
872;Malaya;UK;Queen Elizabeth-class battleship;01-Feb-16;decommissioned 1944, scrapped 1948
873;Mansfield;Norway;Town class destroyer;Dec-40;20 March 1942, returned to RN
874;Manxman;UK;Abdiel class minelayer;20-Jun-41;scrapped 1971
875;Maori;UK;Tribal class destroyer;02-Jan-39;sunk 12 February 1942
876;Marblehead;USA;Omaha class light cruiser;08-Sep-24;scrapped 1946
877;Marcilio Dias;Brazil;Marcilio Dias class destroyer;29-Nov-43;Decommissioned 22 August 1972
878;Mariz e Barros;Brazil;Marcilio Dias class destroyer;29-Nov-43;Decommissioned 22 August 1972
879;Marocaindisambiguation needed;Free France;Cannon class destroyer escort;29-Feb-44;Decommissioned May 1964
880;Marseillaise;France;La Galissonniere class light cruiser;10-Oct-37;scuttled 27 November 1942
881;Marshal Ney;UK;Marshal Ney class monitor;;scrapped in 1957
882;Marshal Soult;UK;Marshal Ney class monitor;;scrapped July 1946
883;Maryland;USA;Colorado-class battleship;21-Jul-21;decommissioned 1947, scrapped 1959
884;Mashona;UK;Tribal-class destroyer;28-Mar-39;sunk 28 May 1941
885;Mason;USA;Evarts-class destroyer escort;20-Mar-44;Scrapped 1947
886;Massachusetts;USA;South Dakota-class battleship;12-May-42;Decommissioned 27 March 1947, museum ship Fall River, Massachusetts
887;Matabele;UK;Tribal class destroyer;25-Jan-39;sunk 17 January 1941
888;Mauritius;UK;Fiji class cruiser;01-Jan-41;scrapped 1965
889;Maury;USA;Gridley class destroyer;05-Aug-38;scrapped 1946
890;Max Schultz;German;Type 1934 destroyer,;08-Apr-37;sunk 22 February 1940
891;Maxim Gorky;USSR;Maxim Gorkiy (Project 26 bis) class heavy cruiser;25-Oct-40;Decommissioned Feb. 1956
892;Maya;Japan;Takao class heavy cruiser;30-Jun-32;Sunk 23 October 1944
893;Mayo;USA;Benson class destroyer;18-Sep-40;decommissioned 1946, scrapped 1972
894;Mayrant;USA;Benham class destroyer;13-Sep-39;scuttled after A-bomb test 1948
895;McCall;USA;Gridley class destroyer;22-Jun-38;scrapped 1947
896;McCalla;USA;Gleaves class destroyer;27-May-42;to Turkey 1949, scrapped 1973
897;McCook;USA;Gleaves class destroyer;15-Mar-43;decommissioned 1949, scrapped 1973
898;McDougal;USA;Porter class destroyer leader;23-Dec-36;scrapped 1949
899;McKean;USA;Wickes class high speed transport;25-Feb-19;sunk 17 November 1943
900;McLanahan;USA;Benson class destroyer;19-Dec-42;decommissioned 1946, scrapped 1974
901;Meade;USA;Benson class destroyer;22-Jun-42;decommissioned 1946, sunk as target 1973
902;Medway;UK;Submarine tender;Jul-29;sunk 30 June 1942
903;Melvin;USA;Fletcher class destroyer;24-Nov-43;Decommissioned 13 January 1954, scrapped 1975
904;Memphis;USA;Omaha class light cruiser;17-Dec-25;scrapped 1947
905;Mendoza;Argentina;Mendoza class destroyer;;Discarded 30 April 1962
906;Meredith;USA;Gleaves class destroyer;01-Mar-41;sunk 15 October 1942
907;Mervine;USA;Gleaves class destroyer;17-Jun-42;decommissioned 1949, scrapped 1969
908;Miami;USA;Cleveland class light cruiser;28-Dec-43;scrapped 1962
909;Miaoulis;Greece;Hunt (Type III) class escort destroyer;25-Nov-42;Returned to Royal Navy 1959, scrapped 1960
910;Michel;German;auxiliary cruiser;07-Sep-41;sunk 17 October 1943
911;Mikuma;Japan;Mogami class heavy cruiser;29-Aug-35;Sunk 6 June 1942
912;Milwaukee/Murmansk;USA, �USSR;Omaha class light cruiser;20-Apr-44;scrapped 10 December 1949
913;Minas Geraes;Brazil;Minas Geraes-class battleship;06-Jan-10;Decommissioned 20 September 1953
914;Minegumo;Japan;Asashio class destroyer;;
915;Minneapolis;USA;New Orleans class heavy cruiser;19-May-34;Decommissioned 10 February 1947, scrapped 1959
916;Miralda;UK;Rapana class merchant aircraft carrier and oil tanker;Jan-44;"returned to merchant service post-war; renamed Marisa"
917;Misiones;Argentina;Buenos Aires class destroyer;;Discarded 3 May 1971
918;Mississippi;USA;Mississippi-class battleship;01-Feb-08;decommissioned 21 July 1914, sold to Greece, renamed Lemnos, sunk 23 April 1941
919;Mississippi;USA;New Mexico-class battleship;25-Jan-17;decommissioned 1956 (for scrap)
920;Missouri;USA;Iowa-class battleship;11-Jun-44;"decommissioned 1955, recommissioned 1984, decommissioned 1992; museum Pearl Harbor, Hawaii"
921;Mobile;USA;Cleveland class light cruiser;24-Mar-43;scrapped 1960
922;Moffett;USA;Porter class destroyer leader;28-Aug-36;scrapped 1947
923;Mogami;Japan;Mogami class heavy cruiser;1935;Sunk 25 October 1944
924;Mohawk;UK;Tribal class destroyer;07-Sep-38;sunk 16 April 1941
925;Molotov;USSR;Maxim Gorkiy (Project 26 bis) class heavy cruiser;25-Oct-40;decommissioned Feb 1956
926;Monaghan;USA;Farragut class destroyer;18-Apr-35;foundered in typhoon 18 December 1944
927;Monowai;New Zealand;armed merchant cruiser;30-Aug-40;Decommissioned 18 June 1943, then landing ship
928;Monssen;USA;Gleaves class destroyer;14-Mar-41;Sunk by Japanese warships off Guadalcanal 13 November 1942
929;Montcalm;France�Free France;La Galissonniere class light cruiser;15-Nov-37;Decommissioned 1 May 1957
930;Montclare;UK;Submarine tender;02-Jun-42;scrapped Oct 1954
931;Monterey;USA;Independence class light carrier;17-Jun-43;decommissioned 16 January 1956, scrapped 1971
932;Montpelier;USA;Cleveland class light cruiser;09-Sep-42;scrapped 1960
933;Montrose;UK;Admiralty leader class;14-Sep-18;scrapped Jan 1946
934;Moreno;Argentina;Rivadavia-class battleship;;scrapped Feb 1956
935;Morris;USA;Sims class destroyer;05-Mar-40;scrapped 1947
936;Morrison;USA;Fletcher-class destroyer;18-Dec-43;Sunk by kamikazes, 4 May 1945
937;M�we;German;Raubvogel class torpedoboat;01-Oct-26;sunk 15 June 1944
938;Mugford;USA;Bagley class destroyer;16-Aug-37;scuttled after A-bomb test 1948
939;Murasame;Japan;Shiratsuyu class destroyer;07-Jan-37;sunk 4 March 1943
940;Murphy;USA;Benson class destroyer;25-Jul-42;decommissioned 1946, scrapped 1972
941;Musashi;Japan;Yamato-class battleship;;sunk 25 October 1944
942;Mustin;USA;Sims class destroyer;15-Sep-39;scuttled after A-bomb test 1948
943;Mutsu;Japan;Nagato-class battleship;;sunk 8 June 1943
944;Muzio Attendolo;Italy;Montecuccoli class light cruiser;1935;lost 1942
945;My?k?;Japan;My?k?-class heavy cruiser;1929;scuttled by Royal Navy 8 June 1946
946;Nabob;UK;Ruler class escort aircraft carrier;07-Sep-43;Decommissioned 30 September 1944, scrapped Dec 1977
947;Nachi;Japan;My?k? class heavy cruiser;;sunk 5 November 1944
948;Nagara;Japan;Nagara class light cruiser;;lost 7 August 1944
949;Nagato;Japan;Nagato-class battleship;;sunk as target at Bikini, 29 July 1946
950;Nairana;UK;escort aircraft carrier;12-Dec-43;sold into mercantile service as Port Victor 28 May 1948
951;Naka;Japan;Sendai class light cruiser;1925;sunk 17 February 1944
952;Narbada;India;Black Swan class sloop;;Transferred to Pakistan 1948, renamed Jhelum
953;Nashville;USA;Brooklyn class light cruiser;06-Jun-38;sold to Chile 1951 (Capitan Prat)
954;Natal;South Africa;Loch class frigate;09-Mar-45;Decommissioned 1 September 1965
955;Natori;Japan;Nagara class light cruiser;;lost 18 August 1944
956;Natsuzuki;Japan;Akizuki class destroyer;08-Apr-45;scrapped after the war
957;Navarinon;Greece;E-class destroyer;05-Apr-44;Returned to Royal Navy and scrapped Apr 1956
958;HMS�Nelson;UK;Nelson-class battleship;10-Sep-27;decommissioned Feb 1948, scrapped Mar 1949
959;USS Nelson;USA;Gleaves-class destroyer;26-Nov-42;decommissioned 1947, scrapped 1969
960;Neptune;UK;Leander class light cruiser;23-Feb-34;lost 19 December 1941
961;Nevada;USA;Nevada-class battleship;11-Mar-16;"decommissioned 29 July 1946; sunk as a target 31 July 1948"
962;New Jersey;USA;Iowa-class battleship;23-May-43;decommissioned 1948, recommissioned 1968, decommissioned 1969, recommissioned 1983, decommissioned 1991. museum ship Camden, New Jersey
963;New Mexico;USA;New Mexico-class battleship;20-May-18;Scrapped Nov 1947
964;New Orleans;USA;New Orleans-class heavy cruiser;12-Apr-33;Decommissioned 10 February 1947, scrapped 1959
965;New York;USA;New York-class battleship;15-Apr-14;decommissioned 29 August 1946, sunk as target at Bikini  8 July 1948
978;Norge;Norway;Eidsvold class coastal defence ship;07-Feb-01;sunk 9 April 1940
979;North Carolina;USA;North Carolina-class battleship;09-Apr-41;decommissioned 27 June 1947, museum ship Wilmington, North Carolina
980;Northampton;USA;Northampton class heavy cruiser;17-May-30;lost 1 December 1942
981;Noshiro;Japan;Agano class light cruiser;;Sunk 26 October 1944
982;Nubian;UK;Tribal class destroyer;06-Dec-38;scrapped 1949
983;N�rnberg;German;light cruiser;02-Nov-35;transferred to USSR as Admiral Makarov, scrapped 1960
984;Oakland;USA;Atlanta-class light cruiser;17-Jul-43;decommissioned 1949, scrapped 1959
985;O'Brien;USA;Sims-class destroyer;02-Mar-40;sunk 19 October 1942
986;Ocean;UK;Colossus-class aircraft carrier;08-Aug-45;scrapped May 1962
987;?i;Japan;Kuma-class light cruiser;10-Oct-21;sunk by USS�Flasher 19 July 1944
988;Okinoshima;Japan;minelayer;30-Sep-36;sunk by USS�S-42 12 May 1942
989;Oklahoma;USA;Nevada-class battleship;02-May-16;"sunk at Pearl Harbor 7 December 1941; raised in 1943 and stricken in 1944; sank under tow in Pacific 1947"
990;Oklahoma City;USA;Cleveland-class light cruiser;22-Dec-44;converted to missile cruiser 1960, sunk as target 1999
991;Oktyabrskaya Revolutsiya (originally Gangut);USSR;Gangut-class battleship;03-Jun-09;scrapped 1959
994;Omaha;USA;Omaha-class light cruiser;24-Feb-23;Scrapped Feb 1946
995;Ordronaux;USA;Benson-class destroyer;13-Feb-43;decommissioned 1947, scrapped 1973
996;Orella;Chile;Serrano-class destroyer;;
997;Orion;UK;Leander-class light cruiser;18-Jan-34;scrapped 1949
1000;Orze?;Poland;Orze?-class submarine;02-Feb-39;sunk 11 June 1940
1001;Ouragan;France�Free France,�Poland &�UK;Bourrasque-class destroyer;19-Jan-27;"Polish Navy 17 July 1940; transferred to Free France 30 April 1941 then to Royal Navy in 1943; scrapped 7 April 1949."
1002;?yodo;Japan;?yodo-class light cruiser;28-Feb-43;sunk 25 July 1945
1003;Panther;Greece;Wild Beast class destroyer;19-Oct-12;Decommissioned 1946
1004;Parana;Argentina;Rosario class gunboat;;Sold 28 August 1958
1005;Parker;USA;Benson class destroyer;31-Aug-42;decommissioned 1947, scrapped 1973
1006;Pasadena;USA;Cleveland class light cruiser;08-Jun-44;scrapped 1970
1007;Patria;Cuba;gunboat;;
1008;Patroclus;UK;Armed merchant cruiser;12-Sep-39;sunk 4 November 1940
1010;Patterson;USA;Bagley class destroyer;22-Sep-37;scrapped 1947
1011;Paul Jakobi;German;Type 1934A destroyer;29-Jun-37;ceded to UK, then to France Feb 1946 and renamed Desaix, scrapped 1958
1013;Pennsylvania;USA;Pennsylvania-class battleship;12-Jun-16;Decommissioned 29 August 1946, sunk as target 10 February 1948
1014;Pensacola;USA;Pensacola-class heavy cruiser;06-Feb-30;sunk as target 1948
1015;Perkins;USA;Mahan-class destroyer;18-Sep-36;sunk 29 November 1942
1016;Perseus;UK;Colossus class aircraft maintenance ship;16-Dec-44;transferred to France 6 August 1946, renamed Arromanches
1018;Phelps;USA;Porter class destroyer leader;26-Feb-36;scrapped 1947
1019;Philadelphia;USA;Brooklyn class light cruiser;23-Sep-37;transferred to Brazil as Almirante Barroso 1951, scrapped 1973
1020;Phoenix;USA;Brooklyn class light cruiser;03-Oct-38;transferred to Argentina as General Belgrano 1951, sunk by HMS Conqueror in Falklands War on 2 May 1982
1021;Ping Hai;China;light cruiser;;became Yasoshima (Japan)
1022;Pindos;Greece;Hunt (Type III) class escort destroyer;27-Jun-42;Returned to Royal Navy 1959, scrapped 1960
1023;Pinguin;German;Auxiliary cruiser;06-Feb-40;sunk 8 May 1941
1024;Pioneer;UK;Colossus class aircraft maintenance ship;08-Feb-45;scrapped Sep 1954
1026;Pittsburgh;USA;Baltimore class heavy cruiser;10-Oct-44;decommissioned 1956, scrapped 1974
1027;Plunkett;USA;Gleaves class destroyer;17-Jul-40;to Taiwan 1959, scrapped 1975
1028;Pluton;France;minelayer light cruiser;10-Apr-31;lost 13 September 1939
1029;Pola;Italy;Zara class heavy cruiser;1932;sunk 28 March 1941
1030;Pompeo Magno;Italy;Capitani Romani class light cruiser (also known as exploratori oceanici);;
1031;Porter;USA;Porter class destroyer leader;25-Aug-36;sunk 26 October 1942
1032;Portland;USA;Portland class heavy cruiser;23-Feb-33;decommissioned 1946, scrapped 1959
1033;Portsmouth;USA;Cleveland class light cruiser;20-Sep-44;scrapped 1974
1034;Premier;UK;Ruler class escort aircraft carrier;03-Nov-43;Returned to USN 2 April 1946, sold into mercantile service 1947, renamed Rhodesia Star
1035;Preston;USA;Mahan class destroyer;27-Oct-36;sunk 14 November 1942
1036;Pretoria Castle;UK;Armed merchant cruiser, converted to escort aircraft carrier;28-Nov-39;26 January 1946, reconverted to passenger liner & renamed Warwick Castle
1037;Primauguet;France;Duguay-Trouin-class light cruiser;01-Apr-27;scuttled 8 November 1942
1038;Prince David;Canada;Armed Merchant Cruiser;28-Dec-40;Broken up 1951
1039;Prince of Wales;UK;King George V-class battleship;31-Mar-41;sunk 10 December 1941
1040;Princeton;USA;Independence class light carrier;25-Feb-43;sunk 24 October 1944
1041;Prinz Eugen;German;enlarged Admiral Hipper-class heavy cruiser;01-Aug-40;sunk after A-bomb test at Bikini in 1946
1042;Providence;USA;Cleveland class light cruiser;15-May-45;converted to missile cruiser 1959, scrapped 1980
1043;Psara;Greece;modified Freccia class destroyer;1933;sunk 20 April 1941
1044;Puncher;UK;Ruler class escort aircraft carrier;05-Feb-44;Returned to USN 16 January 1946, stricken 12 March 1946, sold into mercantile service renamed Muncaster Castle
1045;Punjab;India;Bathurst class minesweeper;20-Mar-42;Decommissioned 1949
1047;Punjabi;UK;Tribal class destroyer;29-Mar-39;sunk 1 May 1942
1049;Queen Elizabeth;UK;Queen Elizabeth-class battleship;22-Dec-14;decommissioned 1948 and scrapped
1050;Quick;USA;Gleaves-class destroyer;03-Jul-42;decommissioned 1949, scrapped 1973
1051;Quincy�(CA-39);USA;New Orleans-class heavy cruiser;09-Jun-36;sunk 9 August 1942
1052;Quincy�(CA-71);USA;Baltimore-class heavy cruiser;Dec-43;decommissioned 1954 and scrapped in 1974
1053;Raimondo Montecuccoli;Italy;Montecuccoli class light cruiser;1935;decommissioned 1964
1055;Rajputana;UK;Armed merchant cruiser;Dec-39;sunk 13 April 1941
1056;Raleigh;USA;Omaha class light cruiser;06-Feb-24;scrapped 1946
1057;Ralph Talbot;USA;Bagley class destroyer;14-Oct-37;scuttled after A-bomb test, 1948
1058;Ramb I;Italy;Armed merchant cruiser;10-Jun-40;sunk 27 February 1941
1059;Ramb II;Italy;Armed merchant cruiser;10-Jun-40;"Taken over by the Japanese and renamed ""Calitea II"" - sunk on 12 January 1945 by US"
1060;Ramb III;Italy;Armed merchant cruiser;10-Jun-40;Taken over by the Germans 9 September 1943, then in post-war service with the Yugoslav Navy
1061;Ramillies;UK;Revenge-class battleship;01-Sep-17;Decommissioned 31 August 1945, scrapped 1949
1062;Ramsay;USA;Wickes class destroyer minelayer;15-Feb-19;Decommissioned 19 October 1945, scrapped 1947
1063;Randolph;USA;Essex class fleet carrier;29-Jun-44;decommissioned 13 February 1969, scrapped 1975
1065;Ranger;USA;aircraft carrier;04-Jun-34;decommissioned 18 October 1946, scrapped 1947
1068;Rawalpindi;UK;Armed merchant cruiser;01-Oct-39;Sunk 23 November 1939
1069;Razumny;USSR;Gnevny class destroyer;1941;foundered 1960s
1072;Reid;USA;Mahan class destroyer;02-Nov-36;sunk 11 December 1944
1073;Reno;USA;Atlanta class light cruiser;28-Dec-43;decommissioned 1946, scrapped 1962
1074;Renown;UK;Renown-class battlecruiser;20-Sep-16;scrapped 1948
1075;Repulse;UK;Renown-class battlecruiser;18-Aug-16;sunk 10 December 1941
1076;Resolution;UK;Revenge-class battleship;07-Dec-16;scrapped 1949
1077;Reuben James;USA;Clemson class destroyer;24-Sep-20;sunk by U-552, 31 October 1941
1078;Revenge;UK;Revenge-class battleship;01-Feb-16;scrapped 1948
1079;Rhind;USA;Benham class destroyer;10-Nov-39;scuttled after A-bomb test 1948
1080;Richard Beitzen;German;Type 1934 destroyer;13-May-37;ceded to UK, scrapped 1947
1081;Richelieu;France�Free France;Richelieu-class battleship;15-Jul-40;scrapped 1968
1083;Richmond;USA;Omaha class light cruiser;02-Jul-23;scrapped 1946
1084;Rio Grande do Sul;UK;Bahia class light cruiser;1910;scrapped 1948
1085;Riquelme;Chile;Serrano class destroyer;;Discarded 1963
1086;Rivadavia;Argentina;Rivadavia-class battleship;;scrapped Feb 1956
1087;Roberts;UK;Roberts class monitor;27-Oct-41;scrapped June 1965
1088;Rodman;USA;Gleaves class destroyer;29-Apr-42;to Taiwan 1955, damaged and struck 1969, destroyed for motion picture 1976
1089;Rodney;UK;Nelson-class battleship;10-Nov-27;scrapped 1948
1090;Roe;USA;Sims-class destroyer;05-Jan-40;scrapped 1947
1091;Roma;Italy;Littorio-class battleship;14-Jun-42;sunk 9 September 1943
1092;Rosario;Argentina;Rosario-class gunboat;;Sold 4 December 1959
1093;Rowan;USA;Benham-class destroyer;23-Sep-39;sunk 11 September 1943
1094;Royal Oak;UK;Revenge-class battleship;01-May-16;sunk 14 October 1939
1095;Royal Sovereign;UK;Revenge-class battleship;01-Feb-16;transferred to USSR as Arkhangelsk 1944
1097;Russell;USA;Sims class destroyer;03-Nov-39;scrapped 1947
1098;Ryuho;Japan;aircraft carrier;;Scrapped in 1946
1099;Ry?j?;Japan;aircraft carrier;;sunk 24 August 1942
1100;Sackville;Canada;Flower-class corvette;30-Dec-41;Museum Ship in Halifax, Nova Scotia
1101;Sakawa;Japan;Agano class light cruiser;30-Nov-44;sunk as target 2 July 1946
1102;Sakura;Japan;Matsu class destroyer;25-Nov-44;sunk by mine 11 July 1945
1104;Salt Lake City;USA;Pensacola class heavy cruiser;11-Dec-29;sunk as target 1948
1105;Sampson;USA;Somers class destroyer leader;19-Aug-38;scrapped 1946
1106;USS Samuel B. Roberts;USA;Butler class destroyer escort;28-Apr-44;sunk 25 October 1944  Battle of Samar
1107;San Diego;USA;Atlanta class light cruiser;10-Jan-42;decommissioned 1946, scrapped 1960
1108;San Francisco;USA;New Orleans class heavy cruiser;10-Feb-34;Decommissioned 10 February 1946, scrapped 1959
1109;San Giorgio;Italy;San Giorgio class heavy cruiser;01-Jul-10;decommissioned 22 January 1941
1110;San Jacinto;USA;Independence class light carrier;15-Nov-43;decommissioned 1 March 1947, scrapped 1972
1111;San Juan;Argentina;Buenos Aires class destroyer;;Discarded 1973
1112;San Juan;USA;Atlanta class light cruiser;28-Feb-42;decommissioned 1946, scrapped 1961
1113;San Luis;Argentina;Buenos Aires class destroyer;;Discarded 3 May 1971
1114;Santa Cruz;Argentina;Buenos Aires class destroyer;;Discarded 1973
1115;Santa Fe;USA;Cleveland class light cruiser;24-Nov-42;scrapped 1959
1116;S�o Paulo;Brazil;Minas Geraes-class battleship;12-Jul-10;Sold 1951
1117;Saratoga;USA;Lexington class fleet carrier;16-Nov-27;sunk as a target 1946
1118;Satterlee;USA;Gleaves class destroyer;01-Jul-43;Decommissioned 16 March 1946, scrapped 1972
1119;Saumarez;UK;S class destroyer;01-Jul-43;scrapped 1950
1120;Savannah;USA;Brooklyn-class light cruiser;10-Mar-38;scrapped 1966
1121;Scharnhorst;German;Scharnhorst-class battleship;07-Jan-39;sunk 26 December 1943
1122;Schlesien;German;Deutschland-class pre-dreadnought battleship;05-May-08;blown up 4 May 1945
1123;Schleswig-Holstein;German;Deutschland-class pre-dreadnought battleship;06-Jul-08;scrapped after 1946
1124;Schubrick;USA;Gleaves class destroyer;07-Feb-43;scrapped 1947
1125;Scipione Africano;Italy;Capitani Romani class light cruiser (also known as exploratori oceanici);;
1126;Scylla;UK;Dido class anti-aircraft cruiser;12-Jun-42;declared constructive total loss 23 June 1944, scrapped May 1950.
1128;Seeadler;German;1923 (Raubvogel) class torpedoboat;01-May-27;sunk 13 May 1942
1129;Selfridge;USA;Porter class destroyer leader;25-Nov-36;scrapped 1947
1130;Semmes;USA;Clemson class destroyer;21-Feb-20;scrapped 25 November 1946
1131;Sendai;Japan;Sendai class light cruiser;29-Apr-24;sunk 2 November 1943
1133;Serrano;Chile;Serrano class destroyer;;Discarded 1967
1135;S?p;Poland;Orze? class submarine;16-Apr-39;decommissioned 15 September 1969
1137;Shangri-La;USA;Essex class fleet carrier;15-Sep-44;decommissioned 30 July 1971, scrapped 1988
1138;Shaw;USA;Mahan class destroyer;18-Sep-36;scrapped 1946
1139;Shinano;Japan;aircraft carrier;19-Nov-44;sunk 29 November 1944
1140;Shinyo;Japan;aircraft carrier;;sunk 17 November 1944
1141;Sh?h?;Japan;aircraft carrier;;sunk 8 May 1942
1142;Sh?kaku;Japan;Shokaku class aircraft carrier;08-Aug-41;sunk 19 June 1944
1143;Sikh;UK;Tribal class destroyer;12-Oct-38;sunk 17 January 1941
1144;Sims;USA;Sims class destroyer;01-Aug-39;sunk 7 May 1942
1145;Skagerak;German;Minelayer, converted former Norwegian merchant ship Skagerrak I;1940;Sunk 20 January 1944 by Bristol Beaufighters of No. 489 Squadron RNZAF
1146;Skeena;Canada;A class destroyer;10-Jun-31;sunk 25 October 1944
1150;Smith;USA;Mahan class destroyer;19-Sep-36;scrapped 1946
1151;Soemba;Netherlands;Flores class sloop;12-Apr-26;scrapped June/July 1985
1152;Sollum;Kingdom of Egypt;sloop;;
1153;Somali;UK;Tribal class destroyer;12-Dec-38;sunk 24 September 1942
1155;Somers;USA;Somers class destroyer leader;01-Dec-37;scrapped 1947
1156;S?ry?;Japan;S?ry? class aircraft carrier;;sunk 5 June 1942
1157;South Dakota;USA;South Dakota class class battleship;20-Mar-42;decommissioned 31 January 1947, scrapped 1962
1158;Southampton;UK;Southampton class light cruiser;06-Mar-37;bombed and scuttled 11 January 1941
1160;Spetsai;Greece;modified Freccia class destroyer;1933;decommissioned 1946
1161;USS Springfield;USA;Cleveland class light cruiser;09-Sep-44;converted to Providence Class Guided Missile Cruiser 1960, decommissioned 1974, scrapped 1980
1163;St. Louis;USA;St. Louis class light cruiser;19-May-39;to Brazil as Tamandare 1951, sunk under tow 1980
1164;USS St Paul;USA;Baltimore class heavy cruiser;17-Feb-45;decommissioned 1971, scrapped 1980
1165;Stack;USA;Benham class destroyer;20-Nov-39;scuttled after A-bomb test 1948
1167;Sterett;USA;Benham class destroyer;15-Aug-39;scrapped 1947
1168;Stevenson;USA;Gleaves class destroyer;15-Dec-42;decommissioned 1946, scrapped 1970
1169;Stewart;USA�Japan;Clemson class destroyer;15-Sep-20;"scuttled 2 March 1942 at Surabaya, Java; raised and recommissioned as Patrol Boat No. 102, 20 September 1943"
1171;Stockton;USA;Gleaves class destroyer;11-Jan-43;decommissioned 1946, scrapped 1973
1172;Stord;Norway;S class destroyer;29-Sep-43;scrapped 1959
1173;Strasbourg;France;Dunkerque-class battleship;Feb-39;scuttled 27 November 1942
1175;Suffren;France�Free France;Suffren class heavy cruiser;01-Jan-30;scrapped 1974
1177;Sutlej;India;Black Swan class sloop;23-Apr-41;
1178;Suzuya;Japan;Mogami class heavy cruiser;Oct-37;sunk 25 October 1944
1179;Svenner;Norway;S class destroyer;01-Jun-43;Sunk on D-Day, 6 June 1944
1180;Swale;South Africa;Loch class frigate;26-Jul-45;Returned to Royal Navy Jan 1946, scrapped Feb 1955
1181;Swanson;USA;Gleaves class destroyer;29-May-41;decommissioned 1945, scrapped 1972
1182;Sydney;Australia;modified Leander class light cruiser;24-Sep-35;lost 19 November 1941
1184;Taih?;Japan;aircraft carrier;;Sunk 19 June 1944
1185;Taiy?;Japan;aircraft carrier;;Sunk 18 August 1944
1186;Takao;Japan;Takao-class heavy cruiser;31-May-32;Sunk 31 July 1945
1187;Tama;Japan;Cruiser;29-Jan-21;Sunk 20 October 1944
1188;Tannenberg;German;minelayer;02-Sep-39;09-Jul-41
1189;Taranto;Italy;Light cruiser;1925;scuttled 23 September 1943
1190;Tarmo;Finland;escort and icebreaker;;
1191;Tartar;UK;Tribal class destroyer;10-Mar-39;Scrapped 22 February 1948
1192;Tatsuta;Japan;Tenryu-class light cruiser;31-May-19;Sunk 13 March 1944
1193;Tattnall;USA;Wickes class destroyer;26-Jun-19;Decommissioned 17 December 1945
1194;Taylor;USA;Fletcher class destroyer;28-Aug-42;Decommissioned 31 May 1946
1195;Tennessee;USA;Tennessee-class battleship;03-Jun-20;Decommissioned 14 February 1947, scrapped 1959
1196;Tenry?;Japan;Tenry?-class light cruiser;20-Nov-19;Sunk 18 December 1942
1197;Teruzuki;Japan;Akizuki class destroyer;11-Jun-42;sunk 12 December 1942
1198;Terror;UK;Erebus class monitor;06-Aug-16;Sunk 24 February 1941
1199;Teviot;South Africa;River class frigate;10-Jun-45;Returned to Royal Navy Jan 1946, scrapped Mar 1955
1200;Texas;USA;New York-class battleship;12-Mar-14;"Decommissioned 21 April 1948; memorial San Jacinto, Texas"
1201;Thane;UK;Ruler class escort aircraft carrier;19-Nov-43;Returned to USN 15 December 1945, scrapped 1946
1202;Themistocles;Greece;Hunt (Type II) class escort destroyer;Mar-43;returned to Royal Navy 12 November 1959, scrapped 1960
1203;Theodor Riedel;German;Type 1934A destroyer;02-Jul-37;Ceded to UK, then to France Feb 1946, renamed Kleber, scrapped 1958
1204;Thompson;USA;Gleaves class destroyer;10-Jul-43;decommissioned 1954, scrapped 1972
1205;Thor;German;Auxiliary cruiser;15-Mar-40;accidentally burnt 30 November 1942
1206;Thorn;USA;Gleaves class destroyer;01-Apr-43;decommissioned 1946, sunk as target 1974
1207;Ticonderoga;USA;Essex-class aircraft carrier;08-May-44;decommissioned 1 September 1973, scrapped 1975
1208;Tiger;German;1924 Raubtier class torpedo boat;15-Jan-29;wrecked in collision with the Max Schultz 25 August 1939
1209;Tillman;USA;Gleaves class destroyer;04-Jun-42;decommissioned 1947, scrapped 1972
1210;Tirpitz;German;Bismarck-class battleship;25-Feb-41;sunk 12 November 1944
1211;Togo;German;Night fighter direction vessel;13-Aug-38;ran aground 21 November 1984
1213;Tone;Japan;Tone class heavy cruiser;30-Nov-38;Sunk 14 July 1945
1214;Tonkinois;Free France;River class frigate;15-Oct-44;Decommissioned 1961
1215;Topeka;USA;Cleveland class light cruiser;23-Dec-44;converted to missile cruiser 1960, scrapped 1975
1217;Tourville;France�Free France;Duquesne class heavy cruiser;01-Dec-28;condemned 1962
1218;Tracker;UK;Ruler class escort aircraft carrier;31-Jan-43;Returned to USN 29 November 1945, sold into merchant service as Corrientes
1219;Transylvania;UK;Armed merchant cruiser;05-Oct-39;Torpedoed and sunk by U-56,10 August 1940
1220;Transvaal;South Africa;Loch class frigate;21-May-45;Decommissioned 14 August 1964, and sunk as artificial reef
1221;Trento;Italy;Trento class heavy cruiser;1929;sunk 14 June 1942
1222;Trenton;USA;Omaha class light cruiser;19-Apr-24;scrapped 1946
1223;Trieste;Italy;Trento class heavy cruiser;1928;sunk 1943
1224;Trinidad;UK;Fiji class cruiser;14-Oct-41;sunk 15 May 1942
1225;Trippe;USA;Benham class destroyer;01-Nov-39;scuttled after A-bomb test 1948
1226;Tromp;Netherlands;Tromp class cruiser;18-Aug-38;decommissioned 1955
1227;Trouncer;UK;Ruler class escort aircraft carrier;31-Jan-44;Returned to USN 3 March 1946, sold into merchant service as Greystoke Castle
1228;Trumpeter;UK;Ruler class escort aircraft carrier;04-Aug-43;Returned to USN 6 April 1946, sold into merchant service as Alblasserdijk
1229;Tucker;USA;Mahan class destroyer;23-Jul-36;sunk 4 August 1942
1231;Tucson;USA;Atlanta class light cruiser;03-Feb-45;scrapped 1971
1232;Turner;USA;Gleaves class destroyer;15-Apr-43;exploded 3 January 1944
1233;Tuscaloosa;USA;New Orleans class heavy cruiser;17-Aug-34;Decommissioned 13 February 1946, scrapped 1959
1234;Tsingtau;German;Supply escort and Schnellboot tender;24-Sep-34;Feb-50
1236;Tunisien;Free France;Cannon class destroyer escort;11-Feb-44;Decommissioned May 1964
1237;Tunsberg Castle;Norway;Castle-class corvette;17-Apr-44;Sunk 12 December 1944
1245;Uganda;UK;Fiji-class light cruiser;21-Oct-44;transferred to RCN as HMCS�Uganda 21 October 1944, renamed HMCS�Quebec 14 January 1952, scrapped 1961
1246;Underhill;USA;Buckley-class destroyer escort;15-Nov-43;sunk 24 July 1945
1247;Unicorn;UK;maintenance aircraft carrier;12-Mar-43;scrapped 1960
1248;Unry?;Japan;Unry?-class aircraft carrier;06-Aug-44;sunk 19 December 1944
1249;Uny?;Japan;escort aircraft carrier;1942;Sunk 15 September 1944
1250;Utah;USA;Florida-class battleship;31-Aug-11;sunk 7 December 1941
1307;Ying Swei;China;Chao Ho-class cruiser;1911;Sunk 25 October 1937
1308;Yorktown�(CV-5);USA;Yorktown-class aircraft carrier;30-Sep-37;sunk 7 June 1942
1309;Yorktown�(CV-10);USA;Essex-class aircraft carrier;15-Apr-43;decommissioned 27 June 1970, museum ship Charleston, South Carolina
1310;Yubari;Japan;light cruiser;1923;sunk 27 April 1944
1311;Yukikaze;Japan;Kagero-class destroyer;1940;to China 1947, renamed Tan Yang
1312;Yura;Japan;Nagara-class light cruiser;1922;lost 25 October 1942
1313;Z23 - Z30;German;Type 1936A Narvik destroyer;1940;
1314;Z31 - Z34, Z37 - Z39;German;Type 1936A (Mob) destroyer;1942;
1315;Z35, Z36, Z43;German;Type 1936B destroyer;1943;
1316;Zara;Italy;Zara-class heavy cruiser;20-Oct-31;sunk 29 March 1941
1317;Zuih?;Japan;Zuih?-class aircraft carrier;Jan-41;sunk 25 October 1944
1318;Zuikaku;Japan;Sh?kaku-class aircraft carrier;25-Sep-41;25-Oct-44
1319;Zulu;UK;Tribal-class destroyer;07-Sep-38;sunk 14 September 1942
